Ride_ID,Distance (km),Duration (min),Fare (USD),Passenger_Count,Time_of_Day,Weather,Payment_Type,Weekday,Is_Rush_Hour
1,18.8,47,25.11,4,Afternoon,Clear,Card,Wednesday,No
2,17.5,31,27.26,4,Evening,Clear,Cash,Thursday,Yes
3,7.5,20,12.13,2,Night,Rain,Card,Thursday,No
4,5.2,14,6.28,2,Evening,Rain,Cash,Sunday,Yes
5,15.1,30,18.82,1,Afternoon,Snow,Cash,Friday,No
6,7.4,16,13.02,4,Morning,Clear,Cash,Monday,Yes
7,1.7,4,2.74,1,Night,Snow,Cash,Wednesday,No
8,13.6,33,17.79,2,Afternoon,Clear,Cash,Thursday,No
9,9.6,19,14.09,3,Morning,Clear,Card,Monday,Yes
10,7.6,15,9.21,1,Afternoon,Rain,Card,Saturday,No
11,18.7,39,22.65,1,Afternoon,Clear,Card,Saturday,No
12,18.8,52,29.7,1,Afternoon,Rain,Card,Thursday,No
13,10.8,26,18.02,4,Night,Clear,Card,Wednesday,No
14,14.2,36,25.96,4,Morning,Clear,Card,Wednesday,Yes
15,11.4,30,15.81,4,Afternoon,Snow,Card,Tuesday,No
16,14.5,37,29.0,4,Evening,Rain,Card,Tuesday,Yes
17,18.8,35,27.43,1,Morning,Rain,Cash,Wednesday,Yes
18,17.9,47,34.04,4,Morning,Rain,Cash,Thursday,Yes
19,2.2,4,2.77,1,Evening,Clear,Card,Wednesday,Yes
20,5.2,10,9.96,3,Morning,Rain,Card,Sunday,Yes
21,9.0,17,13.84,2,Night,Snow,Cash,Wednesday,No
22,18.7,38,30.32,2,Morning,Rain,Cash,Thursday,Yes
23,6.7,18,9.18,1,Evening,Clear,Cash,Thursday,Yes
24,2.2,4,4.16,2,Morning,Clear,Cash,Thursday,Yes
25,14.6,26,25.46,1,Morning,Rain,Cash,Friday,Yes
26,14.9,27,23.89,4,Afternoon,Snow,Card,Wednesday,No
27,14.3,38,22.6,4,Morning,Clear,Cash,Saturday,Yes
28,11.0,17,20.08,1,Evening,Rain,Card,Tuesday,Yes
29,10.0,18,15.95,1,Afternoon,Snow,Cash,Thursday,No
30,19.3,47,37.23,1,Afternoon,Rain,Card,Thursday,No
31,2.1,3,3.03,1,Evening,Rain,Cash,Sunday,Yes
32,12.1,25,22.92,1,Night,Clear,Card,Sunday,No
33,6.5,16,8.69,3,Night,Clear,Card,Saturday,No
34,18.5,29,35.44,3,Afternoon,Snow,Card,Friday,No
35,12.2,27,20.49,2,Afternoon,Snow,Cash,Tuesday,No
36,17.3,30,34.1,4,Afternoon,Clear,Card,Tuesday,No
37,12.9,20,24.17,4,Afternoon,Rain,Card,Friday,No
38,11.1,32,13.35,2,Morning,Clear,Cash,Friday,Yes
39,13.7,25,17.63,1,Evening,Rain,Card,Friday,Yes
40,2.1,6,4.18,4,Morning,Snow,Cash,Thursday,Yes
41,12.5,21,24.36,3,Night,Snow,Cash,Sunday,No
42,7.6,19,10.37,1,Afternoon,Clear,Cash,Saturday,No
43,19.2,37,29.67,1,Evening,Rain,Card,Sunday,Yes
44,12.5,31,23.64,4,Night,Clear,Card,Thursday,No
45,5.5,14,10.29,2,Night,Rain,Card,Wednesday,No
46,3.4,9,4.39,3,Morning,Snow,Card,Sunday,Yes
47,18.2,40,23.47,2,Morning,Snow,Card,Wednesday,Yes
48,7.0,20,12.95,3,Night,Clear,Cash,Saturday,No
49,14.1,36,23.68,2,Night,Rain,Cash,Monday,No
50,15.7,34,31.29,4,Morning,Snow,Cash,Friday,Yes
51,10.6,21,13.07,2,Night,Rain,Cash,Saturday,No
52,13.2,34,21.12,4,Morning,Rain,Card,Tuesday,Yes
53,4.2,7,7.03,2,Night,Snow,Card,Saturday,No
54,19.6,33,38.31,4,Night,Clear,Cash,Tuesday,No
55,10.8,28,18.7,1,Afternoon,Rain,Card,Saturday,No
56,11.5,20,21.98,1,Afternoon,Clear,Card,Saturday,No
57,4.6,12,7.58,1,Morning,Clear,Card,Tuesday,Yes
58,2.1,3,2.58,2,Night,Rain,Card,Saturday,No
59,11.2,24,20.08,2,Night,Clear,Cash,Sunday,No
60,7.8,13,10.5,4,Evening,Snow,Cash,Tuesday,Yes
61,5.2,13,8.52,4,Evening,Rain,Card,Sunday,Yes
62,19.6,47,39.13,2,Evening,Clear,Cash,Sunday,Yes
63,3.9,6,6.25,1,Night,Snow,Cash,Tuesday,No
64,17.1,50,20.97,3,Morning,Snow,Card,Sunday,Yes
65,19.4,32,30.7,1,Afternoon,Snow,Card,Thursday,No
66,15.9,36,27.5,1,Night,Rain,Card,Saturday,No
67,8.7,24,10.47,2,Morning,Snow,Cash,Friday,Yes
68,3.6,7,6.72,4,Afternoon,Rain,Card,Monday,No
69,4.1,10,7.96,2,Night,Clear,Card,Sunday,No
70,13.7,36,19.72,4,Evening,Snow,Cash,Monday,Yes
71,10.3,16,15.71,4,Evening,Clear,Card,Wednesday,Yes
72,19.4,47,36.03,3,Night,Rain,Cash,Wednesday,No
73,5.4,15,7.86,1,Evening,Clear,Cash,Tuesday,Yes
74,7.7,17,14.64,4,Evening,Rain,Card,Friday,Yes
75,2.6,7,4.27,1,Afternoon,Rain,Card,Tuesday,No
76,5.0,11,9.6,4,Evening,Clear,Cash,Saturday,Yes
77,16.2,27,22.44,4,Morning,Rain,Cash,Friday,Yes
78,2.0,3,2.83,4,Morning,Snow,Cash,Sunday,Yes
79,6.2,17,10.86,2,Night,Clear,Card,Sunday,No
80,14.7,29,24.22,2,Night,Rain,Cash,Wednesday,No
81,9.2,14,16.74,2,Morning,Clear,Cash,Saturday,Yes
82,14.3,22,21.93,1,Evening,Snow,Cash,Friday,Yes
83,15.8,33,23.14,4,Morning,Clear,Card,Sunday,Yes
84,13.2,34,19.53,3,Afternoon,Rain,Card,Saturday,No
85,4.9,11,8.78,3,Night,Clear,Card,Thursday,No
86,8.9,17,16.95,3,Night,Snow,Card,Wednesday,No
87,14.3,23,18.92,3,Evening,Clear,Card,Tuesday,Yes
88,15.9,31,19.67,1,Morning,Rain,Card,Wednesday,Yes
89,3.4,7,6.46,1,Morning,Rain,Card,Tuesday,Yes
90,10.8,18,20.47,3,Night,Clear,Cash,Wednesday,No
91,13.1,30,21.92,4,Evening,Clear,Card,Wednesday,Yes
92,9.9,25,16.4,2,Afternoon,Snow,Cash,Wednesday,No
93,13.9,26,18.49,1,Evening,Clear,Cash,Monday,Yes
94,17.7,45,25.21,2,Night,Snow,Card,Thursday,No
95,10.7,18,15.86,2,Night,Clear,Cash,Sunday,No
96,19.0,37,36.41,2,Morning,Clear,Card,Sunday,Yes
97,11.2,31,15.51,3,Afternoon,Snow,Cash,Thursday,No
98,10.2,16,16.28,1,Afternoon,Snow,Cash,Wednesday,No
99,2.2,4,4.1,2,Evening,Snow,Cash,Sunday,Yes
100,19.3,34,23.18,1,Evening,Snow,Card,Monday,Yes
101,15.4,30,27.37,4,Night,Rain,Card,Monday,No
102,14.1,27,17.73,4,Evening,Rain,Cash,Monday,Yes
103,9.8,16,13.08,4,Night,Clear,Card,Sunday,No
104,10.9,24,17.75,1,Afternoon,Rain,Cash,Saturday,No
105,16.0,48,27.18,3,Evening,Rain,Card,Saturday,Yes
106,15.8,30,27.96,3,Evening,Snow,Cash,Saturday,Yes
107,13.9,28,18.67,2,Night,Clear,Cash,Sunday,No
108,13.0,36,19.57,3,Evening,Snow,Card,Sunday,Yes
109,17.3,50,26.01,3,Evening,Rain,Card,Tuesday,Yes
110,5.9,15,7.59,2,Evening,Snow,Card,Monday,Yes
111,1.8,3,3.24,2,Afternoon,Rain,Cash,Tuesday,No
112,15.1,34,18.71,2,Morning,Clear,Cash,Sunday,Yes
113,6.9,15,9.18,4,Afternoon,Rain,Card,Saturday,No
114,7.9,22,15.5,4,Morning,Clear,Cash,Thursday,Yes
115,18.5,50,24.53,4,Afternoon,Snow,Cash,Monday,No
116,15.7,30,20.01,1,Morning,Clear,Cash,Monday,Yes
117,11.1,19,15.53,1,Evening,Snow,Card,Thursday,Yes
118,8.1,16,14.34,3,Night,Rain,Cash,Monday,No
119,16.9,35,20.52,3,Evening,Clear,Cash,Wednesday,Yes
120,6.1,10,9.12,1,Night,Clear,Card,Monday,No
121,18.4,48,33.07,2,Morning,Clear,Card,Saturday,Yes
122,16.6,49,21.67,2,Morning,Rain,Card,Sunday,Yes
123,4.2,8,7.21,1,Afternoon,Clear,Card,Friday,No
124,15.0,45,24.49,2,Afternoon,Rain,Card,Saturday,No
125,17.5,44,27.23,3,Evening,Clear,Cash,Friday,Yes
126,4.7,8,7.39,1,Night,Clear,Card,Thursday,No
127,14.9,31,29.21,1,Evening,Clear,Card,Tuesday,Yes
128,3.9,7,6.37,4,Morning,Snow,Cash,Saturday,Yes
129,5.9,16,10.72,2,Evening,Rain,Cash,Sunday,Yes
130,16.0,30,24.5,4,Morning,Clear,Card,Thursday,Yes
131,12.2,30,18.61,2,Morning,Rain,Cash,Tuesday,Yes
132,17.9,39,31.87,1,Morning,Snow,Cash,Monday,Yes
133,5.1,9,6.77,4,Afternoon,Clear,Card,Tuesday,No
134,13.9,30,18.21,2,Afternoon,Rain,Card,Saturday,No
135,2.1,6,2.77,3,Afternoon,Clear,Cash,Wednesday,No
136,6.4,18,10.94,1,Night,Clear,Cash,Wednesday,No
137,13.9,32,26.74,3,Morning,Rain,Card,Saturday,Yes
138,13.6,29,26.39,4,Night,Rain,Cash,Saturday,No
139,12.7,33,15.66,1,Evening,Snow,Card,Sunday,Yes
140,1.8,4,3.59,3,Night,Clear,Cash,Wednesday,No
141,4.6,14,6.71,2,Evening,Rain,Cash,Friday,Yes
142,8.2,22,14.74,1,Evening,Rain,Cash,Tuesday,Yes
143,5.2,11,10.33,3,Afternoon,Snow,Card,Tuesday,No
144,17.6,40,26.05,4,Evening,Snow,Cash,Sunday,Yes
145,13.4,33,26.19,4,Afternoon,Rain,Cash,Saturday,No
146,6.8,16,12.64,2,Afternoon,Snow,Card,Wednesday,No
147,17.5,42,30.57,4,Night,Snow,Card,Tuesday,No
148,8.0,14,14.86,3,Morning,Clear,Card,Monday,Yes
149,5.2,14,9.26,3,Evening,Snow,Card,Friday,Yes
150,12.6,31,25.08,1,Evening,Rain,Cash,Thursday,Yes
151,4.9,13,8.03,2,Evening,Rain,Card,Thursday,Yes
152,10.8,30,18.7,3,Morning,Rain,Card,Sunday,Yes
153,12.6,33,23.11,1,Morning,Clear,Card,Friday,Yes
154,4.7,13,7.8,2,Night,Clear,Cash,Sunday,No
155,4.7,7,9.4,1,Morning,Snow,Card,Thursday,Yes
156,11.3,24,19.39,2,Afternoon,Snow,Cash,Sunday,No
157,19.4,55,30.48,1,Morning,Snow,Cash,Friday,Yes
158,17.5,44,29.22,2,Morning,Rain,Card,Friday,Yes
159,2.9,6,4.21,3,Afternoon,Clear,Cash,Sunday,No
160,7.4,15,13.54,4,Morning,Clear,Card,Monday,Yes
161,8.4,17,15.77,4,Night,Clear,Card,Tuesday,No
162,5.3,14,9.79,1,Afternoon,Clear,Cash,Monday,No
163,5.3,13,6.53,3,Morning,Clear,Cash,Friday,Yes
164,4.8,11,7.01,1,Afternoon,Clear,Card,Wednesday,No
165,17.2,36,34.21,3,Night,Rain,Cash,Saturday,No
166,18.4,39,26.15,2,Evening,Rain,Cash,Monday,Yes
167,12.9,30,20.8,3,Afternoon,Clear,Card,Thursday,No
168,2.5,7,4.58,3,Morning,Rain,Cash,Friday,Yes
169,16.1,34,28.56,3,Morning,Rain,Card,Thursday,Yes
170,18.6,45,29.47,3,Morning,Snow,Card,Wednesday,Yes
171,13.2,27,22.26,1,Evening,Rain,Cash,Wednesday,Yes
172,1.6,4,2.93,3,Night,Clear,Card,Wednesday,No
173,14.1,32,26.02,3,Evening,Rain,Cash,Monday,Yes
174,13.6,35,19.26,3,Night,Clear,Card,Tuesday,No
175,14.1,42,21.14,3,Afternoon,Snow,Card,Wednesday,No
176,5.6,16,7.68,4,Afternoon,Rain,Cash,Monday,No
177,19.6,41,27.26,3,Night,Snow,Cash,Monday,No
178,5.9,17,8.89,3,Morning,Rain,Card,Tuesday,Yes
179,18.5,47,26.85,1,Morning,Snow,Cash,Friday,Yes
180,19.1,46,23.17,4,Afternoon,Snow,Card,Friday,No
181,6.9,11,11.58,4,Evening,Snow,Card,Wednesday,Yes
182,1.6,4,2.76,3,Morning,Snow,Card,Wednesday,Yes
183,16.8,41,27.84,1,Afternoon,Snow,Cash,Tuesday,No
184,3.2,7,4.34,1,Morning,Snow,Cash,Sunday,Yes
185,10.1,26,17.32,1,Evening,Clear,Cash,Friday,Yes
186,19.1,31,23.28,4,Morning,Clear,Card,Saturday,Yes
187,13.1,29,23.47,2,Evening,Clear,Card,Friday,Yes
188,17.3,51,22.85,3,Morning,Rain,Cash,Tuesday,Yes
189,11.5,21,16.02,4,Afternoon,Clear,Card,Saturday,No
190,1.8,3,2.4,2,Night,Snow,Card,Monday,No
191,2.5,5,3.28,3,Afternoon,Clear,Card,Thursday,No
192,6.9,16,13.36,1,Afternoon,Rain,Cash,Friday,No
193,19.8,33,24.69,4,Evening,Snow,Cash,Monday,Yes
194,13.1,33,22.0,3,Afternoon,Rain,Cash,Friday,No
195,10.9,17,20.12,1,Night,Rain,Card,Wednesday,No
196,1.6,4,2.15,4,Morning,Snow,Cash,Thursday,Yes
197,13.9,29,24.42,2,Night,Clear,Cash,Friday,No
198,12.5,20,17.78,1,Night,Snow,Card,Saturday,No
199,15.4,28,26.29,4,Afternoon,Snow,Cash,Tuesday,No
200,12.8,33,20.85,2,Afternoon,Clear,Cash,Saturday,No
201,4.7,10,8.07,3,Night,Rain,Card,Saturday,No
202,6.9,11,9.71,3,Evening,Snow,Cash,Thursday,Yes
203,16.1,39,31.36,3,Afternoon,Snow,Cash,Friday,No
204,17.0,26,33.46,4,Morning,Rain,Cash,Thursday,Yes
205,5.6,16,10.73,4,Evening,Snow,Card,Monday,Yes
206,7.2,18,8.76,2,Evening,Clear,Cash,Thursday,Yes
207,5.4,13,7.18,2,Morning,Clear,Card,Sunday,Yes
208,10.9,21,13.22,1,Morning,Rain,Cash,Friday,Yes
209,19.0,33,29.39,4,Morning,Snow,Cash,Saturday,Yes
210,18.2,51,25.46,1,Morning,Clear,Card,Monday,Yes
211,8.0,21,9.73,1,Afternoon,Snow,Card,Saturday,No
212,16.4,25,24.35,3,Night,Rain,Card,Sunday,No
213,8.5,21,16.02,2,Afternoon,Snow,Cash,Friday,No
214,5.5,9,8.26,3,Night,Snow,Card,Thursday,No
215,9.3,17,17.28,4,Afternoon,Snow,Cash,Friday,No
216,5.4,9,10.57,3,Morning,Clear,Cash,Friday,Yes
217,10.8,24,17.44,3,Night,Rain,Card,Thursday,No
218,19.1,49,35.37,1,Morning,Snow,Card,Monday,Yes
219,17.6,33,31.52,3,Evening,Clear,Cash,Saturday,Yes
220,15.6,26,24.2,4,Night,Clear,Card,Thursday,No
221,9.6,29,19.15,3,Morning,Snow,Card,Wednesday,Yes
222,17.5,36,23.71,1,Afternoon,Rain,Card,Friday,No
223,17.9,39,27.6,1,Morning,Snow,Cash,Wednesday,Yes
224,17.3,27,24.18,3,Night,Clear,Card,Saturday,No
225,4.6,11,7.77,2,Afternoon,Rain,Card,Saturday,No
226,8.1,14,14.56,1,Morning,Rain,Cash,Thursday,Yes
227,15.4,31,29.39,3,Evening,Snow,Cash,Friday,Yes
228,5.2,10,7.94,3,Evening,Snow,Card,Saturday,Yes
229,1.6,5,2.66,1,Afternoon,Snow,Cash,Thursday,No
230,18.8,40,24.0,4,Evening,Clear,Card,Thursday,Yes
231,3.4,7,4.78,4,Morning,Snow,Cash,Friday,Yes
232,12.7,38,19.06,3,Evening,Clear,Card,Wednesday,Yes
233,17.2,27,27.64,2,Evening,Snow,Card,Tuesday,Yes
234,15.2,27,23.68,4,Afternoon,Clear,Card,Wednesday,No
235,1.7,5,2.3,2,Night,Snow,Cash,Saturday,No
236,5.3,9,8.32,3,Afternoon,Rain,Card,Thursday,No
237,6.6,12,8.37,1,Evening,Snow,Card,Wednesday,Yes
238,6.1,13,11.35,1,Afternoon,Snow,Cash,Saturday,No
239,9.4,24,14.05,3,Morning,Snow,Cash,Saturday,Yes
240,12.8,23,16.16,4,Evening,Clear,Cash,Friday,Yes
241,17.7,48,22.41,1,Night,Clear,Cash,Friday,No
242,10.7,26,15.64,3,Afternoon,Snow,Card,Saturday,No
243,16.8,46,31.96,2,Night,Clear,Card,Tuesday,No
244,9.6,18,17.37,2,Evening,Rain,Card,Monday,Yes
245,16.4,45,20.1,4,Morning,Clear,Cash,Tuesday,Yes
246,17.2,51,30.32,1,Morning,Rain,Card,Saturday,Yes
247,3.5,8,5.69,2,Afternoon,Rain,Cash,Thursday,No
248,14.1,35,24.75,3,Morning,Snow,Cash,Monday,Yes
249,20.0,37,27.75,1,Night,Rain,Cash,Wednesday,No
250,14.1,28,17.78,2,Night,Clear,Card,Wednesday,No
251,7.3,15,13.29,2,Evening,Snow,Card,Tuesday,Yes
252,10.4,28,16.85,3,Night,Rain,Cash,Sunday,No
253,18.8,40,26.15,3,Evening,Snow,Cash,Monday,Yes
254,15.6,26,22.7,1,Morning,Clear,Cash,Saturday,Yes
255,9.1,17,11.57,4,Afternoon,Snow,Cash,Saturday,No
256,10.4,22,13.77,2,Morning,Snow,Card,Saturday,Yes
257,14.4,28,23.11,2,Night,Clear,Card,Sunday,No
258,9.1,18,12.95,4,Afternoon,Clear,Card,Wednesday,No
259,9.8,21,16.66,3,Night,Snow,Card,Monday,No
260,5.2,9,8.43,4,Night,Clear,Cash,Saturday,No
261,7.7,19,14.25,1,Afternoon,Rain,Card,Wednesday,No
262,17.9,40,31.03,3,Night,Rain,Card,Sunday,No
263,9.5,18,15.9,3,Evening,Clear,Cash,Monday,Yes
264,14.0,31,19.94,1,Afternoon,Clear,Cash,Sunday,No
265,3.5,6,4.92,2,Night,Snow,Cash,Sunday,No
266,1.6,4,3.18,1,Afternoon,Clear,Card,Friday,No
267,2.0,5,2.6,3,Afternoon,Snow,Card,Friday,No
268,19.6,32,33.84,2,Evening,Rain,Card,Tuesday,Yes
269,14.9,25,20.05,1,Evening,Rain,Cash,Sunday,Yes
270,12.5,22,19.59,1,Evening,Rain,Card,Monday,Yes
271,11.8,34,22.13,1,Evening,Rain,Card,Thursday,Yes
272,2.0,5,3.01,1,Morning,Rain,Cash,Sunday,Yes
273,3.0,8,5.63,4,Morning,Snow,Cash,Sunday,Yes
274,16.4,30,31.77,4,Afternoon,Clear,Cash,Thursday,No
275,18.9,43,35.81,3,Afternoon,Clear,Cash,Monday,No
276,10.2,18,14.37,2,Morning,Snow,Card,Sunday,Yes
277,6.1,10,8.57,1,Afternoon,Rain,Cash,Wednesday,No
278,17.6,36,30.6,4,Morning,Rain,Cash,Thursday,Yes
279,11.2,26,19.49,4,Night,Clear,Cash,Wednesday,No
280,3.2,8,6.36,4,Night,Clear,Card,Saturday,No
281,18.2,44,31.52,1,Afternoon,Rain,Cash,Wednesday,No
282,9.8,18,15.12,4,Night,Clear,Cash,Wednesday,No
283,13.0,28,19.68,2,Night,Snow,Cash,Wednesday,No
284,19.4,43,31.82,4,Morning,Snow,Card,Wednesday,Yes
285,19.8,45,32.74,3,Morning,Clear,Card,Thursday,Yes
286,5.6,12,11.03,3,Evening,Snow,Card,Wednesday,Yes
287,13.7,21,23.93,1,Evening,Rain,Card,Saturday,Yes
288,5.4,16,7.09,1,Morning,Clear,Cash,Wednesday,Yes
289,2.3,4,3.15,1,Morning,Rain,Card,Monday,Yes
290,16.5,45,32.59,4,Morning,Rain,Card,Sunday,Yes
291,14.9,27,19.1,3,Morning,Snow,Cash,Sunday,Yes
292,4.6,7,8.32,2,Evening,Snow,Card,Sunday,Yes
293,4.4,7,8.12,2,Afternoon,Snow,Card,Saturday,No
294,18.5,32,25.34,1,Night,Rain,Cash,Saturday,No
295,15.7,33,30.64,3,Evening,Rain,Cash,Sunday,Yes
296,5.9,17,7.29,2,Morning,Rain,Cash,Thursday,Yes
297,15.0,37,24.75,3,Morning,Snow,Cash,Friday,Yes
298,19.6,49,25.07,2,Night,Rain,Card,Monday,No
299,18.3,43,25.67,1,Night,Snow,Card,Friday,No
300,2.4,6,2.92,4,Morning,Rain,Card,Monday,Yes
301,15.4,29,26.67,4,Evening,Clear,Cash,Friday,Yes
302,8.6,26,12.22,2,Night,Clear,Card,Friday,No
303,2.9,8,4.3,2,Evening,Clear,Card,Friday,Yes
304,20.0,58,27.36,3,Morning,Rain,Card,Monday,Yes
305,13.6,22,26.7,1,Morning,Rain,Cash,Wednesday,Yes
306,9.9,28,18.16,3,Morning,Rain,Card,Monday,Yes
307,7.9,21,11.27,1,Afternoon,Snow,Card,Wednesday,No
308,4.5,12,5.85,1,Evening,Clear,Cash,Saturday,Yes
309,5.5,10,7.2,1,Evening,Clear,Cash,Friday,Yes
310,15.6,24,20.69,4,Night,Rain,Cash,Sunday,No
311,16.9,29,21.85,4,Afternoon,Clear,Card,Sunday,No
312,8.3,18,12.37,4,Afternoon,Snow,Cash,Thursday,No
313,11.2,31,15.87,1,Evening,Rain,Cash,Tuesday,Yes
314,10.9,30,18.04,1,Evening,Clear,Cash,Wednesday,Yes
315,18.7,52,35.15,3,Afternoon,Snow,Card,Sunday,No
316,4.2,7,7.14,1,Afternoon,Clear,Cash,Monday,No
317,11.5,32,18.02,2,Morning,Snow,Cash,Sunday,Yes
318,6.6,15,10.86,3,Night,Clear,Cash,Monday,No
319,11.6,34,20.19,2,Afternoon,Rain,Cash,Tuesday,No
320,3.3,6,6.48,3,Afternoon,Snow,Card,Sunday,No
321,18.2,28,30.66,3,Afternoon,Clear,Card,Saturday,No
322,13.2,38,17.08,1,Afternoon,Rain,Card,Thursday,No
323,11.6,34,17.26,4,Evening,Clear,Cash,Friday,Yes
324,17.8,33,23.67,3,Night,Rain,Card,Wednesday,No
325,15.2,36,27.43,1,Night,Clear,Card,Monday,No
326,16.7,35,26.36,4,Evening,Snow,Card,Wednesday,Yes
327,14.3,26,18.85,2,Evening,Snow,Cash,Thursday,Yes
328,19.4,48,30.62,2,Evening,Snow,Card,Tuesday,Yes
329,17.6,44,22.9,4,Night,Clear,Card,Thursday,No
330,14.2,23,20.05,1,Night,Rain,Cash,Thursday,No
331,14.8,36,29.59,3,Morning,Rain,Cash,Saturday,Yes
332,4.5,8,6.5,4,Evening,Rain,Card,Thursday,Yes
333,18.2,45,23.72,1,Morning,Clear,Cash,Monday,Yes
334,4.5,13,6.51,1,Morning,Snow,Card,Friday,Yes
335,6.0,16,11.4,3,Evening,Clear,Cash,Sunday,Yes
336,18.0,33,35.02,4,Afternoon,Clear,Cash,Monday,No
337,18.9,40,30.75,4,Afternoon,Snow,Cash,Tuesday,No
338,9.7,24,11.64,4,Evening,Rain,Cash,Monday,Yes
339,18.7,35,35.87,4,Morning,Clear,Cash,Tuesday,Yes
340,8.8,13,14.55,3,Evening,Rain,Card,Thursday,Yes
341,6.7,12,9.54,4,Night,Snow,Cash,Wednesday,No
342,15.8,38,24.15,4,Morning,Snow,Cash,Wednesday,Yes
343,11.8,22,17.59,3,Night,Clear,Card,Tuesday,No
344,4.7,8,6.88,3,Evening,Snow,Card,Wednesday,Yes
345,11.3,34,18.61,1,Afternoon,Rain,Card,Sunday,No
346,6.6,15,10.09,4,Afternoon,Snow,Cash,Friday,No
347,18.4,32,34.38,4,Morning,Clear,Cash,Thursday,Yes
348,3.7,11,4.91,2,Morning,Rain,Card,Tuesday,Yes
349,15.7,29,30.95,3,Night,Snow,Card,Tuesday,No
350,7.0,14,11.84,3,Night,Snow,Card,Sunday,No
351,19.1,30,37.74,4,Morning,Rain,Cash,Thursday,Yes
352,13.8,37,26.28,2,Night,Rain,Cash,Tuesday,No
353,5.2,9,8.07,3,Afternoon,Rain,Cash,Monday,No
354,17.5,37,26.88,4,Night,Snow,Cash,Friday,No
355,7.1,14,14.0,3,Evening,Clear,Cash,Sunday,Yes
356,3.2,6,5.89,2,Evening,Clear,Card,Tuesday,Yes
357,9.2,23,13.41,2,Afternoon,Snow,Cash,Tuesday,No
358,19.8,44,26.78,1,Night,Snow,Cash,Tuesday,No
359,2.4,7,3.66,1,Night,Snow,Card,Saturday,No
360,6.8,11,9.47,1,Morning,Rain,Cash,Monday,Yes
361,1.5,4,2.45,4,Evening,Clear,Card,Wednesday,Yes
362,10.4,24,20.31,2,Evening,Rain,Card,Saturday,Yes
363,1.6,4,2.31,4,Night,Rain,Cash,Thursday,No
364,8.6,15,13.93,2,Morning,Rain,Card,Thursday,Yes
365,16.9,26,30.12,1,Night,Clear,Card,Saturday,No
366,15.2,33,27.24,3,Afternoon,Clear,Cash,Saturday,No
367,6.9,16,12.1,1,Afternoon,Snow,Card,Saturday,No
368,13.2,25,24.13,3,Morning,Rain,Cash,Friday,Yes
369,9.2,20,16.21,4,Afternoon,Snow,Cash,Wednesday,No
370,19.1,37,28.72,1,Night,Snow,Cash,Saturday,No
371,12.3,29,16.98,1,Evening,Snow,Cash,Saturday,Yes
372,2.9,8,4.11,1,Morning,Snow,Card,Sunday,Yes
373,11.0,25,13.35,2,Morning,Clear,Cash,Wednesday,Yes
374,7.3,16,10.39,2,Evening,Rain,Cash,Wednesday,Yes
375,10.0,16,19.34,4,Afternoon,Clear,Card,Saturday,No
376,9.4,25,17.25,4,Afternoon,Snow,Cash,Sunday,No
377,10.5,30,14.09,1,Afternoon,Clear,Card,Saturday,No
378,14.1,24,27.62,3,Afternoon,Rain,Cash,Tuesday,No
379,12.3,20,23.12,1,Morning,Clear,Card,Wednesday,Yes
380,9.0,18,16.78,4,Night,Snow,Cash,Saturday,No
381,14.1,28,17.41,2,Morning,Clear,Cash,Monday,Yes
382,3.9,6,5.12,2,Morning,Snow,Cash,Monday,Yes
383,11.3,19,18.98,3,Afternoon,Rain,Card,Friday,No
384,17.6,36,23.81,1,Night,Clear,Card,Tuesday,No
385,18.9,32,25.08,3,Morning,Snow,Card,Monday,Yes
386,5.3,11,9.05,2,Afternoon,Snow,Card,Thursday,No
387,17.4,27,25.4,1,Morning,Snow,Cash,Wednesday,Yes
388,12.3,20,15.88,2,Afternoon,Rain,Cash,Tuesday,No
389,9.7,25,16.96,4,Evening,Clear,Cash,Friday,Yes
390,7.0,20,12.01,4,Afternoon,Clear,Cash,Monday,No
391,12.2,20,20.88,4,Morning,Rain,Cash,Saturday,Yes
392,11.9,30,19.21,2,Night,Rain,Card,Thursday,No
393,18.1,29,22.55,4,Afternoon,Clear,Card,Tuesday,No
394,12.2,23,15.44,1,Evening,Clear,Card,Friday,Yes
395,3.5,8,4.75,3,Afternoon,Snow,Card,Tuesday,No
396,18.2,46,22.61,3,Evening,Clear,Cash,Sunday,Yes
397,10.8,17,20.13,4,Morning,Snow,Cash,Wednesday,Yes
398,6.6,15,10.55,3,Morning,Clear,Cash,Thursday,Yes
399,8.2,16,12.26,1,Night,Snow,Card,Friday,No
400,14.6,29,24.39,3,Morning,Snow,Card,Sunday,Yes
401,19.7,44,32.74,1,Afternoon,Rain,Cash,Wednesday,No
402,5.5,11,7.86,2,Night,Snow,Cash,Monday,No
403,6.2,16,9.99,4,Evening,Clear,Cash,Monday,Yes
404,18.5,41,28.85,4,Night,Clear,Card,Friday,No
405,15.4,41,24.73,2,Evening,Snow,Cash,Tuesday,Yes
406,6.5,18,9.87,4,Evening,Clear,Cash,Monday,Yes
407,11.3,22,14.2,2,Morning,Snow,Card,Sunday,Yes
408,15.4,26,28.58,4,Morning,Clear,Card,Tuesday,Yes
409,12.4,20,15.01,4,Night,Clear,Cash,Saturday,No
410,5.7,13,9.33,4,Night,Snow,Cash,Wednesday,No
411,7.4,12,13.17,3,Morning,Snow,Card,Monday,Yes
412,10.1,24,18.82,3,Night,Snow,Cash,Wednesday,No
413,6.6,17,10.06,2,Afternoon,Clear,Card,Friday,No
414,18.7,45,26.11,4,Evening,Rain,Cash,Wednesday,Yes
415,7.5,22,9.85,2,Night,Clear,Card,Friday,No
416,11.2,33,16.0,2,Evening,Rain,Cash,Friday,Yes
417,18.3,44,33.52,1,Evening,Clear,Card,Saturday,Yes
418,8.3,19,10.23,4,Evening,Clear,Cash,Tuesday,Yes
419,18.3,48,33.79,4,Afternoon,Snow,Cash,Friday,No
420,15.9,43,23.51,2,Evening,Rain,Card,Saturday,Yes
421,18.1,28,33.5,4,Night,Rain,Card,Monday,No
422,17.3,48,26.89,1,Night,Clear,Card,Tuesday,No
423,9.8,28,14.52,2,Evening,Snow,Cash,Saturday,Yes
424,12.2,30,21.18,2,Morning,Snow,Cash,Wednesday,Yes
425,1.6,4,2.51,3,Afternoon,Clear,Cash,Wednesday,No
426,16.1,34,29.91,1,Night,Snow,Cash,Thursday,No
427,8.1,21,11.22,1,Night,Clear,Card,Tuesday,No
428,8.4,23,11.21,2,Night,Snow,Cash,Wednesday,No
429,7.8,12,9.62,3,Morning,Snow,Card,Friday,Yes
430,3.4,8,5.49,4,Morning,Clear,Card,Thursday,Yes
431,2.7,7,5.09,3,Morning,Rain,Card,Sunday,Yes
432,7.6,14,10.27,1,Evening,Rain,Cash,Wednesday,Yes
433,12.1,34,14.63,4,Evening,Snow,Cash,Tuesday,Yes
434,6.6,13,12.52,2,Afternoon,Snow,Cash,Tuesday,No
435,17.3,40,31.81,4,Afternoon,Rain,Cash,Saturday,No
436,19.4,31,38.04,3,Evening,Snow,Card,Wednesday,Yes
437,8.3,17,16.32,3,Morning,Rain,Card,Sunday,Yes
438,12.6,34,21.57,3,Evening,Clear,Cash,Wednesday,Yes
439,16.6,39,23.09,4,Night,Rain,Card,Monday,No
440,12.9,38,16.99,1,Morning,Rain,Cash,Monday,Yes
441,19.0,44,27.06,4,Morning,Snow,Card,Saturday,Yes
442,15.0,26,24.34,1,Morning,Rain,Card,Wednesday,Yes
443,7.6,13,10.15,2,Morning,Snow,Cash,Friday,Yes
444,12.9,21,17.66,2,Night,Clear,Cash,Sunday,No
445,9.1,22,14.01,4,Afternoon,Clear,Cash,Thursday,No
446,17.2,32,21.66,1,Night,Rain,Cash,Saturday,No
447,11.6,18,16.36,1,Evening,Snow,Card,Saturday,Yes
448,17.6,51,22.86,1,Night,Snow,Cash,Friday,No
449,5.8,10,8.95,1,Morning,Snow,Cash,Tuesday,Yes
450,9.8,18,12.21,2,Afternoon,Clear,Card,Sunday,No
451,3.9,12,7.03,3,Morning,Rain,Cash,Saturday,Yes
452,5.1,12,6.85,3,Afternoon,Clear,Card,Friday,No
453,9.7,16,14.96,2,Afternoon,Rain,Card,Monday,No
454,2.3,4,3.97,4,Afternoon,Snow,Card,Saturday,No
455,16.3,31,31.81,2,Afternoon,Clear,Cash,Saturday,No
456,14.1,30,17.94,3,Afternoon,Rain,Cash,Saturday,No
457,8.5,20,11.51,4,Morning,Rain,Cash,Thursday,Yes
458,9.0,22,15.54,3,Night,Clear,Cash,Wednesday,No
459,9.1,26,15.58,3,Night,Clear,Card,Tuesday,No
460,19.7,42,27.5,1,Afternoon,Rain,Cash,Tuesday,No
461,15.3,32,27.28,1,Night,Rain,Card,Friday,No
462,12.9,37,21.59,4,Morning,Rain,Card,Tuesday,Yes
463,8.1,20,12.32,1,Morning,Rain,Cash,Friday,Yes
464,5.5,9,8.8,1,Evening,Rain,Card,Wednesday,Yes
465,18.8,37,35.35,1,Afternoon,Snow,Card,Monday,No
466,18.7,46,30.73,4,Afternoon,Snow,Cash,Tuesday,No
467,14.9,31,26.78,3,Night,Clear,Cash,Tuesday,No
468,17.2,33,24.66,1,Evening,Snow,Card,Saturday,Yes
469,11.4,32,19.12,3,Morning,Clear,Card,Sunday,Yes
470,3.5,9,6.43,4,Afternoon,Snow,Cash,Tuesday,No
471,8.9,17,12.15,3,Night,Rain,Cash,Wednesday,No
472,16.5,39,32.13,2,Afternoon,Clear,Card,Monday,No
473,4.6,8,7.04,2,Afternoon,Snow,Cash,Sunday,No
474,10.8,30,14.06,3,Afternoon,Rain,Card,Monday,No
475,3.8,6,6.3,2,Morning,Snow,Cash,Wednesday,Yes
476,10.8,18,18.67,1,Afternoon,Snow,Cash,Saturday,No
477,17.1,30,23.98,3,Afternoon,Rain,Cash,Thursday,No
478,2.6,7,3.98,1,Morning,Clear,Cash,Monday,Yes
479,16.6,35,30.4,3,Afternoon,Rain,Cash,Friday,No
480,4.2,12,5.5,1,Evening,Rain,Card,Friday,Yes
481,16.9,31,30.26,3,Afternoon,Clear,Card,Friday,No
482,8.2,16,13.6,1,Evening,Snow,Card,Friday,Yes
483,12.7,19,21.0,4,Night,Snow,Cash,Monday,No
484,17.4,39,32.54,1,Night,Rain,Cash,Tuesday,No
485,19.9,31,37.58,4,Night,Rain,Cash,Tuesday,No
486,5.5,13,8.68,4,Morning,Rain,Cash,Tuesday,Yes
487,7.5,21,13.41,2,Night,Snow,Cash,Tuesday,No
488,12.1,25,16.36,4,Evening,Clear,Cash,Sunday,Yes
489,8.9,25,13.39,3,Evening,Snow,Cash,Friday,Yes
490,14.7,43,24.97,3,Evening,Rain,Cash,Thursday,Yes
491,18.9,29,35.76,3,Morning,Clear,Card,Tuesday,Yes
492,16.1,37,29.66,1,Afternoon,Rain,Card,Saturday,No
493,19.8,37,31.52,1,Morning,Rain,Cash,Friday,Yes
494,11.4,25,17.91,1,Afternoon,Rain,Cash,Sunday,No
495,7.2,15,12.69,3,Evening,Snow,Cash,Thursday,Yes
496,5.3,12,9.57,3,Evening,Snow,Card,Thursday,Yes
497,5.5,11,9.17,3,Night,Snow,Cash,Saturday,No
498,19.2,31,26.16,4,Evening,Snow,Cash,Sunday,Yes
499,17.0,45,26.97,3,Afternoon,Rain,Cash,Monday,No
500,15.3,44,27.92,2,Morning,Clear,Cash,Saturday,Yes
501,8.5,25,15.97,1,Evening,Rain,Card,Tuesday,Yes
502,11.6,32,17.09,3,Night,Clear,Cash,Saturday,No
503,1.7,3,3.17,3,Morning,Rain,Cash,Tuesday,Yes
504,18.3,50,25.02,1,Afternoon,Snow,Cash,Sunday,No
505,8.7,21,15.63,1,Evening,Clear,Card,Sunday,Yes
506,1.6,4,2.9,2,Morning,Snow,Cash,Wednesday,Yes
507,8.5,19,13.32,4,Afternoon,Rain,Card,Friday,No
508,2.9,7,4.42,4,Afternoon,Snow,Cash,Monday,No
509,17.3,46,26.69,2,Night,Snow,Cash,Tuesday,No
510,15.7,35,31.12,3,Night,Rain,Cash,Sunday,No
511,14.0,30,21.52,4,Evening,Rain,Cash,Wednesday,Yes
512,2.3,6,4.16,3,Evening,Snow,Cash,Wednesday,Yes
513,8.0,21,11.87,4,Afternoon,Snow,Card,Thursday,No
514,19.9,32,35.99,4,Night,Rain,Card,Friday,No
515,12.9,31,19.87,4,Night,Clear,Cash,Friday,No
516,9.5,28,17.51,3,Night,Rain,Card,Sunday,No
517,2.9,7,5.0,1,Evening,Clear,Cash,Tuesday,Yes
518,14.0,25,27.05,1,Afternoon,Rain,Cash,Wednesday,No
519,10.2,29,17.59,3,Evening,Clear,Cash,Monday,Yes
520,9.7,26,14.41,1,Night,Rain,Card,Saturday,No
521,15.3,40,28.36,3,Morning,Clear,Card,Thursday,Yes
522,8.9,21,13.45,1,Evening,Snow,Cash,Thursday,Yes
523,5.0,13,9.96,1,Morning,Snow,Card,Sunday,Yes
524,19.4,51,25.48,2,Night,Rain,Cash,Wednesday,No
525,19.7,52,27.6,1,Evening,Rain,Cash,Friday,Yes
526,10.2,18,12.4,4,Morning,Rain,Card,Friday,Yes
527,19.5,51,28.28,4,Evening,Snow,Cash,Thursday,Yes
528,12.5,22,21.03,3,Morning,Rain,Cash,Monday,Yes
529,2.2,5,2.88,1,Morning,Rain,Card,Sunday,Yes
530,17.2,37,31.79,4,Evening,Clear,Cash,Friday,Yes
531,9.6,19,14.68,4,Evening,Clear,Cash,Thursday,Yes
532,13.3,32,25.13,4,Morning,Rain,Cash,Saturday,Yes
533,13.5,24,16.64,3,Afternoon,Snow,Cash,Sunday,No
534,2.1,5,3.87,4,Afternoon,Rain,Card,Friday,No
535,2.7,6,4.05,4,Evening,Snow,Cash,Thursday,Yes
536,18.8,54,27.31,2,Evening,Snow,Cash,Wednesday,Yes
537,7.0,15,12.67,1,Morning,Rain,Cash,Monday,Yes
538,16.6,39,25.92,2,Evening,Rain,Cash,Saturday,Yes
539,13.0,36,17.78,1,Afternoon,Rain,Cash,Friday,No
540,16.6,26,31.92,1,Afternoon,Snow,Card,Wednesday,No
541,18.5,31,31.77,4,Evening,Clear,Card,Thursday,Yes
542,5.7,17,8.05,1,Afternoon,Snow,Card,Monday,No
543,5.0,11,8.33,3,Night,Clear,Card,Wednesday,No
544,13.9,36,16.69,3,Evening,Rain,Card,Thursday,Yes
545,3.0,8,4.6,2,Afternoon,Snow,Card,Monday,No
546,5.7,15,10.95,4,Morning,Clear,Card,Sunday,Yes
547,2.9,7,3.56,3,Morning,Snow,Card,Monday,Yes
548,11.8,18,14.16,4,Afternoon,Snow,Card,Sunday,No
549,2.6,6,4.23,4,Night,Clear,Cash,Saturday,No
550,15.6,43,28.97,2,Afternoon,Snow,Cash,Monday,No
551,14.3,25,26.52,1,Afternoon,Clear,Cash,Wednesday,No
552,12.7,19,22.66,4,Afternoon,Clear,Card,Thursday,No
553,4.2,9,5.99,2,Morning,Clear,Cash,Friday,Yes
554,14.4,33,26.55,4,Evening,Rain,Card,Thursday,Yes
555,12.0,21,14.4,1,Afternoon,Clear,Card,Friday,No
556,13.2,23,16.46,3,Morning,Snow,Cash,Monday,Yes
557,5.2,12,9.05,4,Evening,Clear,Card,Friday,Yes
558,4.7,12,6.82,4,Evening,Rain,Card,Thursday,Yes
559,3.9,6,7.38,1,Afternoon,Clear,Card,Saturday,No
560,16.7,29,20.34,4,Afternoon,Clear,Card,Friday,No
561,6.9,13,10.72,2,Afternoon,Rain,Cash,Saturday,No
562,9.4,24,12.73,2,Morning,Clear,Card,Thursday,Yes
563,13.1,22,24.28,1,Night,Clear,Card,Monday,No
564,12.3,18,17.77,1,Morning,Clear,Cash,Saturday,Yes
565,1.9,5,2.4,2,Morning,Rain,Card,Wednesday,Yes
566,3.0,6,4.99,1,Night,Clear,Cash,Saturday,No
567,12.1,29,20.17,1,Night,Snow,Cash,Saturday,No
568,17.9,33,26.79,1,Evening,Clear,Cash,Thursday,Yes
569,18.1,37,30.17,4,Morning,Clear,Cash,Monday,Yes
570,8.0,17,10.65,4,Night,Clear,Cash,Thursday,No
571,19.3,37,27.84,2,Afternoon,Rain,Cash,Monday,No
572,18.2,34,26.41,4,Evening,Snow,Cash,Tuesday,Yes
573,9.2,22,18.31,4,Afternoon,Rain,Card,Saturday,No
574,19.6,57,34.22,4,Afternoon,Snow,Cash,Tuesday,No
575,4.5,9,6.41,4,Afternoon,Rain,Card,Tuesday,No
576,14.1,25,23.38,2,Morning,Rain,Card,Thursday,Yes
577,3.4,8,6.38,4,Afternoon,Snow,Cash,Sunday,No
578,15.0,23,27.43,3,Night,Snow,Cash,Thursday,No
579,4.0,10,5.58,4,Night,Clear,Card,Wednesday,No
580,15.6,39,30.6,2,Night,Rain,Card,Tuesday,No
581,19.4,29,35.84,3,Morning,Snow,Cash,Tuesday,Yes
582,17.3,40,24.46,4,Evening,Rain,Cash,Wednesday,Yes
583,13.8,24,23.9,1,Evening,Snow,Card,Thursday,Yes
584,18.0,29,26.31,4,Morning,Snow,Card,Thursday,Yes
585,4.7,11,8.03,1,Evening,Clear,Card,Thursday,Yes
586,13.0,34,16.47,2,Evening,Snow,Card,Friday,Yes
587,8.7,19,14.54,1,Afternoon,Snow,Cash,Wednesday,No
588,17.7,31,34.01,4,Afternoon,Rain,Cash,Wednesday,No
589,2.3,5,3.47,4,Evening,Snow,Cash,Thursday,Yes
590,14.7,38,25.39,1,Evening,Rain,Cash,Friday,Yes
591,13.5,34,23.86,1,Night,Rain,Cash,Thursday,No
592,9.3,27,17.77,1,Morning,Clear,Cash,Tuesday,Yes
593,2.4,4,4.16,4,Evening,Clear,Cash,Sunday,Yes
594,2.2,4,2.68,1,Afternoon,Rain,Cash,Thursday,No
595,11.8,32,16.28,2,Night,Snow,Card,Thursday,No
596,8.7,25,14.82,4,Evening,Clear,Card,Tuesday,Yes
597,15.8,35,19.03,3,Evening,Snow,Card,Saturday,Yes
598,12.8,38,19.93,3,Morning,Clear,Cash,Friday,Yes
599,2.9,5,4.13,3,Evening,Rain,Cash,Tuesday,Yes
600,5.4,12,10.55,2,Morning,Rain,Cash,Sunday,Yes
601,5.9,11,8.1,3,Afternoon,Rain,Card,Friday,No
602,10.2,17,17.51,3,Morning,Clear,Card,Sunday,Yes
603,19.5,34,29.99,3,Morning,Rain,Cash,Friday,Yes
604,14.3,28,23.75,4,Afternoon,Rain,Card,Sunday,No
605,9.4,22,17.58,1,Afternoon,Rain,Cash,Monday,No
606,14.8,27,20.96,1,Afternoon,Snow,Cash,Wednesday,No
607,15.5,25,29.26,4,Evening,Rain,Cash,Saturday,Yes
608,3.6,9,6.62,1,Night,Clear,Card,Monday,No
609,6.8,14,10.5,4,Evening,Clear,Card,Sunday,Yes
610,9.5,21,13.56,3,Morning,Clear,Card,Wednesday,Yes
611,9.5,26,14.2,1,Night,Clear,Card,Sunday,No
612,6.1,13,10.64,1,Night,Rain,Cash,Monday,No
613,11.2,21,16.55,1,Afternoon,Snow,Cash,Monday,No
614,1.8,3,3.25,2,Night,Clear,Card,Monday,No
615,14.1,26,18.89,3,Night,Rain,Cash,Wednesday,No
616,13.7,38,22.35,2,Evening,Snow,Card,Sunday,Yes
617,8.3,14,12.05,3,Evening,Snow,Card,Thursday,Yes
618,6.2,16,11.82,2,Morning,Clear,Card,Saturday,Yes
619,19.5,54,36.73,1,Night,Snow,Cash,Thursday,No
620,7.4,12,12.62,4,Afternoon,Snow,Card,Thursday,No
621,5.5,13,10.57,2,Evening,Snow,Card,Wednesday,Yes
622,5.1,8,9.4,4,Night,Rain,Card,Friday,No
623,6.0,12,11.22,2,Afternoon,Clear,Cash,Saturday,No
624,15.1,31,30.04,4,Night,Rain,Card,Thursday,No
625,5.6,10,9.65,2,Afternoon,Snow,Cash,Thursday,No
626,4.9,11,6.29,4,Morning,Rain,Card,Saturday,Yes
627,13.5,34,26.69,4,Morning,Clear,Cash,Sunday,Yes
628,9.7,16,17.51,1,Night,Clear,Cash,Wednesday,No
629,8.9,21,12.52,1,Night,Snow,Card,Sunday,No
630,14.5,41,23.24,4,Evening,Snow,Card,Tuesday,Yes
631,17.6,44,26.36,4,Afternoon,Rain,Card,Sunday,No
632,7.0,11,9.55,2,Night,Snow,Card,Monday,No
633,14.5,22,24.96,4,Evening,Clear,Card,Saturday,Yes
634,4.3,7,7.17,4,Night,Rain,Cash,Sunday,No
635,12.4,21,15.26,4,Morning,Clear,Cash,Tuesday,Yes
636,7.7,20,9.68,3,Morning,Snow,Cash,Wednesday,Yes
637,5.0,11,6.1,1,Afternoon,Clear,Card,Saturday,No
638,13.1,21,20.27,2,Morning,Snow,Card,Thursday,Yes
639,11.4,19,15.85,1,Evening,Rain,Card,Friday,Yes
640,12.3,30,20.16,1,Evening,Snow,Card,Tuesday,Yes
641,18.7,55,25.64,4,Evening,Clear,Cash,Sunday,Yes
642,16.5,39,28.79,4,Morning,Clear,Cash,Tuesday,Yes
643,4.4,13,7.6,4,Morning,Clear,Cash,Friday,Yes
644,17.7,51,29.1,3,Evening,Rain,Card,Saturday,Yes
645,15.9,28,30.94,1,Night,Snow,Cash,Saturday,No
646,19.2,36,25.48,3,Afternoon,Snow,Cash,Wednesday,No
647,18.8,31,30.55,1,Afternoon,Snow,Cash,Tuesday,No
648,12.1,34,22.73,4,Evening,Snow,Cash,Tuesday,Yes
649,14.9,34,21.81,3,Evening,Rain,Card,Monday,Yes
650,17.3,29,30.78,4,Morning,Rain,Card,Saturday,Yes
651,14.0,29,19.86,2,Afternoon,Rain,Card,Wednesday,No
652,4.6,13,7.67,3,Afternoon,Rain,Cash,Wednesday,No
653,15.5,37,19.85,3,Afternoon,Rain,Cash,Tuesday,No
654,18.2,50,33.3,3,Night,Clear,Card,Sunday,No
655,15.3,31,23.29,4,Afternoon,Snow,Card,Saturday,No
656,4.7,10,9.21,1,Night,Clear,Cash,Thursday,No
657,9.1,16,13.62,4,Afternoon,Clear,Cash,Monday,No
658,17.6,28,22.35,1,Morning,Snow,Card,Monday,Yes
659,11.7,19,17.93,3,Evening,Clear,Card,Wednesday,Yes
660,10.9,31,20.06,2,Evening,Rain,Card,Saturday,Yes
661,2.5,6,3.02,1,Evening,Snow,Cash,Tuesday,Yes
662,16.6,35,27.56,1,Evening,Clear,Cash,Friday,Yes
663,7.9,23,11.7,2,Morning,Snow,Cash,Sunday,Yes
664,2.5,5,3.73,2,Morning,Snow,Cash,Wednesday,Yes
665,17.7,27,32.86,3,Evening,Rain,Card,Tuesday,Yes
666,3.2,8,5.29,1,Afternoon,Clear,Card,Saturday,No
667,8.0,17,12.77,1,Morning,Rain,Card,Wednesday,Yes
668,7.2,16,14.35,4,Night,Snow,Card,Saturday,No
669,19.9,54,26.35,1,Evening,Rain,Cash,Wednesday,Yes
670,11.3,34,15.2,4,Night,Clear,Card,Friday,No
671,10.0,29,12.43,2,Afternoon,Clear,Card,Wednesday,No
672,14.8,37,21.74,3,Evening,Snow,Cash,Monday,Yes
673,17.1,38,23.59,3,Afternoon,Snow,Card,Friday,No
674,6.3,15,7.77,4,Morning,Clear,Card,Thursday,Yes
675,17.2,38,33.76,3,Evening,Snow,Card,Saturday,Yes
676,8.4,13,13.81,2,Evening,Snow,Card,Wednesday,Yes
677,15.3,34,24.31,3,Morning,Snow,Card,Monday,Yes
678,10.5,25,20.06,4,Evening,Clear,Card,Wednesday,Yes
679,4.7,11,8.31,4,Afternoon,Clear,Card,Monday,No
680,15.6,38,30.3,3,Afternoon,Snow,Card,Monday,No
681,16.9,48,23.92,4,Morning,Rain,Card,Monday,Yes
682,5.6,13,9.23,3,Afternoon,Rain,Card,Monday,No
683,9.2,22,13.93,3,Morning,Rain,Cash,Friday,Yes
684,2.8,5,5.6,3,Afternoon,Snow,Cash,Sunday,No
685,3.9,10,5.6,2,Afternoon,Rain,Cash,Tuesday,No
686,5.5,13,7.65,1,Night,Rain,Cash,Monday,No
687,19.8,38,39.42,4,Afternoon,Snow,Cash,Saturday,No
688,17.9,46,35.51,4,Evening,Rain,Cash,Tuesday,Yes
689,3.2,8,4.16,1,Night,Rain,Cash,Sunday,No
690,1.7,5,3.26,3,Evening,Rain,Card,Monday,Yes
691,13.8,36,20.04,1,Afternoon,Clear,Cash,Sunday,No
692,3.2,9,4.67,4,Afternoon,Snow,Card,Monday,No
693,9.8,22,13.45,1,Morning,Clear,Cash,Sunday,Yes
694,14.3,38,25.42,3,Night,Rain,Cash,Friday,No
695,5.9,10,8.8,3,Afternoon,Clear,Card,Thursday,No
696,4.3,9,6.71,1,Night,Snow,Cash,Sunday,No
697,16.6,35,25.0,3,Afternoon,Clear,Card,Monday,No
698,4.4,9,7.59,1,Morning,Rain,Card,Sunday,Yes
699,3.0,7,4.24,1,Afternoon,Snow,Cash,Tuesday,No
700,15.9,41,31.2,1,Morning,Clear,Card,Friday,Yes
701,4.5,13,5.91,3,Evening,Clear,Card,Wednesday,Yes
702,3.9,8,6.59,4,Morning,Snow,Cash,Friday,Yes
703,1.9,6,3.56,4,Night,Clear,Cash,Tuesday,No
704,18.0,53,27.41,2,Night,Snow,Card,Saturday,No
705,19.2,44,35.86,3,Evening,Snow,Card,Tuesday,Yes
706,2.7,4,3.7,1,Afternoon,Snow,Card,Monday,No
707,3.8,7,6.34,4,Evening,Rain,Card,Saturday,Yes
708,9.9,21,14.14,1,Morning,Snow,Cash,Wednesday,Yes
709,16.3,47,30.92,1,Night,Clear,Card,Thursday,No
710,19.9,42,38.31,1,Night,Snow,Card,Wednesday,No
711,16.2,28,26.95,3,Afternoon,Rain,Card,Saturday,No
712,4.7,10,5.71,1,Evening,Clear,Card,Wednesday,Yes
713,15.4,44,25.26,4,Afternoon,Snow,Card,Thursday,No
714,19.6,36,26.46,4,Afternoon,Rain,Cash,Monday,No
715,3.9,11,6.43,2,Evening,Clear,Card,Friday,Yes
716,15.6,44,24.9,2,Night,Clear,Cash,Thursday,No
717,19.3,37,25.06,3,Evening,Snow,Card,Monday,Yes
718,7.7,15,11.68,1,Morning,Snow,Cash,Sunday,Yes
719,18.3,37,31.48,3,Morning,Snow,Card,Friday,Yes
720,2.6,6,4.25,3,Night,Snow,Cash,Monday,No
721,14.3,35,21.4,4,Afternoon,Rain,Cash,Monday,No
722,8.3,18,16.12,4,Night,Clear,Card,Sunday,No
723,15.0,24,22.13,1,Evening,Clear,Cash,Monday,Yes
724,5.7,16,9.05,2,Evening,Rain,Card,Wednesday,Yes
725,6.3,15,10.88,2,Night,Rain,Card,Wednesday,No
726,10.8,25,15.62,4,Afternoon,Snow,Card,Wednesday,No
727,5.0,14,7.57,2,Evening,Snow,Card,Friday,Yes
728,14.2,27,22.49,1,Evening,Clear,Cash,Monday,Yes
729,2.2,3,4.21,1,Evening,Snow,Cash,Friday,Yes
730,9.4,15,18.74,4,Morning,Clear,Card,Wednesday,Yes
731,10.1,16,14.05,4,Afternoon,Clear,Cash,Tuesday,No
732,18.1,52,24.28,3,Afternoon,Snow,Card,Wednesday,No
733,16.9,34,24.43,3,Morning,Clear,Cash,Tuesday,Yes
734,5.3,10,8.83,3,Afternoon,Clear,Card,Saturday,No
735,15.0,34,24.65,1,Evening,Clear,Cash,Thursday,Yes
736,19.8,55,34.43,3,Evening,Rain,Card,Monday,Yes
737,16.7,42,30.88,1,Night,Snow,Card,Wednesday,No
738,17.8,30,32.29,1,Night,Snow,Cash,Tuesday,No
739,8.3,20,10.45,2,Afternoon,Clear,Card,Saturday,No
740,6.6,14,11.57,1,Evening,Clear,Cash,Saturday,Yes
741,10.4,27,19.53,3,Evening,Snow,Card,Friday,Yes
742,18.8,36,23.97,3,Morning,Rain,Cash,Friday,Yes
743,12.0,20,23.14,2,Night,Clear,Cash,Tuesday,No
744,12.6,27,20.12,1,Evening,Clear,Card,Wednesday,Yes
745,1.7,3,3.17,3,Afternoon,Snow,Cash,Friday,No
746,3.6,9,5.98,1,Evening,Clear,Cash,Tuesday,Yes
747,15.2,25,20.44,4,Night,Snow,Cash,Monday,No
748,13.4,24,25.37,4,Evening,Clear,Card,Sunday,Yes
749,16.3,31,22.79,3,Night,Clear,Cash,Friday,No
750,18.8,50,37.23,2,Morning,Rain,Cash,Monday,Yes
751,7.1,18,10.1,3,Evening,Snow,Card,Friday,Yes
752,12.8,20,17.7,4,Morning,Rain,Cash,Monday,Yes
753,12.2,29,16.85,1,Morning,Rain,Cash,Saturday,Yes
754,9.4,17,13.45,2,Night,Clear,Cash,Wednesday,No
755,19.5,43,35.64,2,Evening,Rain,Card,Tuesday,Yes
756,17.1,34,25.72,3,Night,Rain,Cash,Thursday,No
757,4.1,10,7.34,4,Afternoon,Snow,Card,Saturday,No
758,13.1,27,20.77,2,Night,Rain,Cash,Monday,No
759,7.3,16,13.32,4,Afternoon,Clear,Card,Monday,No
760,11.9,30,22.22,1,Afternoon,Rain,Card,Friday,No
761,10.7,27,21.11,4,Evening,Rain,Cash,Friday,Yes
762,17.8,39,30.17,4,Morning,Snow,Card,Monday,Yes
763,3.9,7,6.84,4,Night,Snow,Card,Tuesday,No
764,5.4,14,8.75,2,Morning,Rain,Card,Wednesday,Yes
765,18.2,31,26.09,4,Night,Rain,Card,Sunday,No
766,19.9,40,25.99,1,Evening,Clear,Card,Friday,Yes
767,14.4,31,23.5,2,Morning,Snow,Card,Tuesday,Yes
768,6.1,11,9.82,2,Night,Clear,Card,Friday,No
769,15.9,32,22.92,2,Night,Clear,Card,Friday,No
770,12.1,34,14.54,4,Evening,Snow,Cash,Monday,Yes
771,19.1,30,23.25,2,Night,Clear,Card,Monday,No
772,19.9,59,24.09,4,Morning,Snow,Card,Saturday,Yes
773,15.9,44,20.87,1,Morning,Clear,Cash,Monday,Yes
774,1.7,5,3.27,4,Afternoon,Snow,Card,Friday,No
775,3.2,6,5.11,4,Evening,Clear,Card,Monday,Yes
776,18.7,54,35.37,4,Afternoon,Clear,Cash,Thursday,No
777,2.8,8,5.31,2,Morning,Snow,Cash,Tuesday,Yes
778,13.0,28,16.16,2,Afternoon,Snow,Cash,Sunday,No
779,2.3,6,4.42,2,Afternoon,Snow,Card,Wednesday,No
780,14.8,25,20.16,4,Afternoon,Clear,Cash,Sunday,No
781,14.4,24,25.21,3,Evening,Rain,Cash,Saturday,Yes
782,5.0,8,8.17,2,Morning,Clear,Card,Thursday,Yes
783,14.0,32,22.02,4,Afternoon,Rain,Cash,Wednesday,No
784,15.4,29,23.39,4,Morning,Rain,Cash,Tuesday,Yes
785,7.7,23,13.88,4,Morning,Rain,Cash,Wednesday,Yes
786,3.3,6,4.31,1,Evening,Clear,Cash,Sunday,Yes
787,1.6,3,2.65,3,Afternoon,Clear,Cash,Tuesday,No
788,17.6,48,31.86,3,Afternoon,Snow,Card,Monday,No
789,13.8,26,17.78,1,Afternoon,Clear,Cash,Saturday,No
790,17.1,27,31.78,4,Morning,Clear,Card,Monday,Yes
791,19.8,49,27.38,2,Evening,Snow,Cash,Wednesday,Yes
792,10.5,25,16.83,2,Morning,Snow,Card,Monday,Yes
793,17.3,27,21.77,1,Afternoon,Rain,Cash,Friday,No
794,9.1,15,14.93,3,Evening,Rain,Cash,Tuesday,Yes
795,16.0,24,28.99,3,Morning,Snow,Card,Friday,Yes
796,10.8,24,21.43,4,Evening,Snow,Card,Sunday,Yes
797,6.7,13,11.03,1,Evening,Rain,Cash,Friday,Yes
798,5.9,13,8.29,3,Morning,Clear,Cash,Tuesday,Yes
799,2.4,6,3.43,1,Afternoon,Snow,Card,Saturday,No
800,12.1,29,20.29,3,Night,Clear,Card,Saturday,No
801,2.1,5,3.33,2,Morning,Snow,Card,Saturday,Yes
802,17.4,28,27.18,2,Morning,Rain,Cash,Saturday,Yes
803,4.8,14,9.33,4,Morning,Clear,Cash,Saturday,Yes
804,19.2,35,26.15,1,Evening,Clear,Card,Friday,Yes
805,14.2,24,23.97,2,Morning,Rain,Cash,Thursday,Yes
806,17.9,34,25.71,4,Night,Rain,Card,Tuesday,No
807,16.2,40,27.09,2,Morning,Snow,Cash,Sunday,Yes
808,14.2,41,28.04,4,Evening,Rain,Card,Wednesday,Yes
809,9.8,25,12.81,2,Night,Snow,Card,Wednesday,No
810,15.2,24,25.23,2,Evening,Snow,Card,Friday,Yes
811,2.1,3,3.24,2,Afternoon,Clear,Cash,Friday,No
812,12.9,20,19.43,1,Night,Clear,Cash,Friday,No
813,5.6,10,11.0,2,Morning,Rain,Cash,Tuesday,Yes
814,4.1,10,6.52,2,Evening,Rain,Cash,Sunday,Yes
815,13.9,28,25.3,2,Night,Clear,Cash,Monday,No
816,12.9,35,16.77,3,Evening,Rain,Card,Sunday,Yes
817,7.2,19,14.13,3,Afternoon,Snow,Cash,Thursday,No
818,10.7,18,18.5,4,Evening,Snow,Card,Friday,Yes
819,16.9,32,25.81,3,Morning,Rain,Cash,Wednesday,Yes
820,17.9,29,35.07,1,Morning,Rain,Cash,Friday,Yes
821,13.0,23,21.68,4,Night,Rain,Card,Monday,No
822,18.8,48,36.08,2,Morning,Clear,Card,Thursday,Yes
823,18.4,33,36.39,1,Evening,Snow,Card,Friday,Yes
824,7.9,19,14.24,3,Morning,Rain,Cash,Tuesday,Yes
825,17.5,51,21.87,4,Night,Rain,Cash,Sunday,No
826,17.0,46,28.22,2,Afternoon,Snow,Cash,Tuesday,No
827,16.0,25,27.9,3,Afternoon,Rain,Card,Monday,No
828,9.2,18,13.96,2,Night,Clear,Card,Wednesday,No
829,17.5,48,32.95,1,Night,Snow,Cash,Friday,No
830,12.5,31,24.46,2,Morning,Clear,Cash,Saturday,Yes
831,18.9,54,33.65,4,Afternoon,Rain,Card,Wednesday,No
832,13.3,39,20.98,1,Night,Rain,Card,Tuesday,No
833,15.1,33,26.99,3,Morning,Clear,Cash,Thursday,Yes
834,11.9,26,17.32,3,Morning,Rain,Card,Tuesday,Yes
835,10.9,18,14.44,1,Afternoon,Snow,Cash,Saturday,No
836,12.6,33,20.66,4,Morning,Snow,Cash,Friday,Yes
837,14.1,33,18.94,4,Afternoon,Rain,Card,Thursday,No
838,5.6,14,10.45,4,Morning,Rain,Card,Thursday,Yes
839,7.8,16,13.33,2,Night,Snow,Cash,Friday,No
840,18.8,42,29.47,2,Afternoon,Snow,Card,Saturday,No
841,16.5,25,30.2,1,Night,Rain,Cash,Tuesday,No
842,9.0,18,16.49,1,Evening,Rain,Cash,Monday,Yes
843,12.0,36,15.19,1,Morning,Rain,Cash,Sunday,Yes
844,19.8,38,36.14,3,Afternoon,Snow,Cash,Sunday,No
845,18.4,32,27.52,4,Evening,Clear,Card,Saturday,Yes
846,17.5,45,31.38,4,Night,Clear,Card,Wednesday,No
847,6.1,9,10.96,1,Morning,Clear,Cash,Monday,Yes
848,2.2,4,3.75,3,Night,Snow,Card,Monday,No
849,19.7,39,39.34,1,Morning,Snow,Card,Wednesday,Yes
850,1.8,5,3.27,3,Night,Rain,Card,Sunday,No
851,15.2,35,28.7,2,Evening,Rain,Cash,Monday,Yes
852,19.5,43,38.76,4,Night,Clear,Card,Saturday,No
853,12.4,28,24.6,1,Morning,Clear,Cash,Saturday,Yes
854,3.7,9,4.83,2,Evening,Clear,Cash,Friday,Yes
855,18.4,46,33.68,1,Night,Snow,Cash,Wednesday,No
856,16.5,32,25.07,2,Night,Clear,Card,Monday,No
857,16.0,24,29.31,3,Night,Snow,Card,Tuesday,No
858,14.6,27,26.59,4,Afternoon,Snow,Card,Friday,No
859,15.9,29,30.45,3,Evening,Snow,Card,Monday,Yes
860,5.4,12,10.15,4,Afternoon,Clear,Cash,Thursday,No
861,2.6,5,3.87,4,Morning,Snow,Card,Saturday,Yes
862,18.2,34,23.27,3,Night,Snow,Cash,Friday,No
863,2.3,6,3.49,4,Evening,Rain,Cash,Sunday,Yes
864,11.7,18,22.23,4,Afternoon,Clear,Cash,Sunday,No
865,3.6,6,6.31,4,Night,Rain,Cash,Monday,No
866,14.9,32,22.15,2,Evening,Clear,Card,Friday,Yes
867,16.9,37,20.51,3,Afternoon,Clear,Cash,Tuesday,No
868,18.5,49,26.92,4,Evening,Snow,Card,Tuesday,Yes
869,6.9,17,13.22,3,Evening,Rain,Cash,Sunday,Yes
870,3.0,7,4.4,1,Evening,Clear,Card,Friday,Yes
871,4.9,11,8.85,2,Morning,Rain,Card,Saturday,Yes
872,5.3,14,7.35,1,Morning,Clear,Cash,Saturday,Yes
873,8.5,23,14.02,4,Night,Snow,Cash,Wednesday,No
874,7.2,16,10.03,4,Morning,Rain,Card,Friday,Yes
875,17.3,37,23.36,2,Afternoon,Clear,Card,Saturday,No
876,9.8,17,15.73,3,Afternoon,Snow,Card,Thursday,No
877,5.5,14,8.53,4,Morning,Snow,Card,Monday,Yes
878,7.3,13,13.04,2,Afternoon,Rain,Cash,Monday,No
879,10.6,29,14.05,1,Afternoon,Rain,Card,Thursday,No
880,18.3,43,31.08,1,Evening,Snow,Cash,Saturday,Yes
881,15.7,35,27.47,2,Night,Rain,Cash,Tuesday,No
882,2.1,6,2.6,2,Morning,Snow,Card,Tuesday,Yes
883,9.5,26,17.62,2,Morning,Clear,Card,Thursday,Yes
884,6.7,13,12.15,2,Afternoon,Snow,Card,Monday,No
885,16.7,45,24.71,3,Afternoon,Clear,Cash,Friday,No
886,7.5,20,13.52,1,Evening,Rain,Card,Wednesday,Yes
887,18.0,47,22.47,4,Morning,Rain,Cash,Monday,Yes
888,3.9,8,6.22,3,Afternoon,Snow,Card,Wednesday,No
889,16.2,36,24.5,4,Evening,Snow,Cash,Tuesday,Yes
890,5.9,14,7.77,2,Night,Rain,Card,Friday,No
891,19.2,44,38.1,2,Evening,Clear,Card,Monday,Yes
892,6.6,18,12.43,3,Evening,Snow,Cash,Thursday,Yes
893,7.8,13,12.69,3,Evening,Snow,Card,Saturday,Yes
894,4.6,10,8.11,4,Evening,Snow,Cash,Sunday,Yes
895,1.9,5,3.69,4,Morning,Rain,Cash,Sunday,Yes
896,16.5,32,30.49,3,Afternoon,Rain,Cash,Sunday,No
897,5.6,11,7.55,4,Evening,Rain,Cash,Monday,Yes
898,6.4,16,11.03,3,Evening,Snow,Card,Sunday,Yes
899,2.6,6,3.81,4,Afternoon,Rain,Card,Friday,No
900,5.2,14,8.75,2,Evening,Snow,Card,Tuesday,Yes
901,11.2,32,18.26,2,Night,Clear,Cash,Friday,No
902,19.0,29,35.09,1,Morning,Snow,Cash,Monday,Yes
903,12.8,26,22.58,1,Night,Rain,Cash,Tuesday,No
904,19.5,49,25.99,1,Morning,Clear,Cash,Monday,Yes
905,7.4,14,13.95,4,Evening,Rain,Cash,Thursday,Yes
906,17.7,28,26.39,4,Morning,Snow,Cash,Saturday,Yes
907,11.0,24,14.2,1,Afternoon,Rain,Card,Monday,No
908,17.6,45,22.45,2,Morning,Rain,Card,Monday,Yes
909,4.3,9,6.76,4,Morning,Rain,Cash,Saturday,Yes
910,7.8,23,10.18,4,Evening,Snow,Cash,Friday,Yes
911,15.0,23,19.55,1,Evening,Clear,Card,Wednesday,Yes
912,5.7,15,7.21,3,Evening,Snow,Cash,Saturday,Yes
913,11.0,32,13.36,1,Night,Clear,Cash,Friday,No
914,13.8,37,19.84,1,Evening,Snow,Card,Monday,Yes
915,6.2,10,10.13,4,Evening,Clear,Cash,Monday,Yes
916,9.9,17,19.09,3,Evening,Rain,Card,Monday,Yes
917,11.6,32,19.41,4,Afternoon,Clear,Cash,Sunday,No
918,19.9,34,35.69,2,Night,Clear,Cash,Thursday,No
919,14.3,36,25.93,1,Afternoon,Clear,Card,Wednesday,No
920,13.2,31,17.96,3,Afternoon,Rain,Cash,Friday,No
921,4.4,11,5.6,2,Morning,Snow,Cash,Friday,Yes
922,18.9,44,25.73,2,Night,Clear,Card,Monday,No
923,18.9,50,34.34,3,Afternoon,Rain,Card,Saturday,No
924,14.9,34,25.16,4,Night,Clear,Card,Monday,No
925,1.8,5,2.96,4,Morning,Clear,Card,Monday,Yes
926,4.8,11,7.12,1,Evening,Clear,Card,Wednesday,Yes
927,2.9,6,3.81,3,Afternoon,Clear,Cash,Wednesday,No
928,14.3,41,21.21,3,Evening,Clear,Card,Wednesday,Yes
929,16.8,30,21.77,1,Night,Snow,Card,Wednesday,No
930,11.4,26,14.13,2,Afternoon,Snow,Card,Saturday,No
931,13.0,31,19.35,2,Evening,Snow,Cash,Tuesday,Yes
932,19.8,58,25.36,4,Morning,Rain,Card,Saturday,Yes
933,18.6,52,26.2,1,Evening,Snow,Card,Friday,Yes
934,10.1,19,12.13,2,Morning,Clear,Cash,Sunday,Yes
935,7.4,13,12.56,4,Evening,Snow,Card,Thursday,Yes
936,9.0,15,12.77,1,Night,Snow,Cash,Monday,No
937,4.8,9,8.64,4,Night,Snow,Cash,Thursday,No
938,17.8,44,25.12,1,Afternoon,Clear,Card,Tuesday,No
939,14.6,27,24.69,3,Afternoon,Rain,Cash,Thursday,No
940,7.4,19,13.38,1,Night,Clear,Cash,Tuesday,No
941,8.1,14,11.1,2,Morning,Rain,Card,Wednesday,Yes
942,7.6,15,9.87,3,Afternoon,Snow,Card,Thursday,No
943,1.8,4,3.54,3,Afternoon,Clear,Cash,Saturday,No
944,18.0,34,30.77,3,Afternoon,Rain,Cash,Tuesday,No
945,14.3,42,27.68,3,Afternoon,Rain,Cash,Wednesday,No
946,5.5,13,8.24,4,Night,Rain,Cash,Monday,No
947,3.3,6,4.49,4,Morning,Snow,Cash,Monday,Yes
948,8.1,15,13.92,3,Night,Rain,Card,Monday,No
949,9.0,17,12.05,4,Evening,Snow,Card,Monday,Yes
950,11.1,32,14.64,1,Morning,Rain,Cash,Wednesday,Yes
951,9.5,20,18.17,4,Night,Rain,Card,Thursday,No
952,2.2,4,3.02,1,Evening,Snow,Cash,Friday,Yes
953,19.7,56,28.27,1,Morning,Snow,Card,Friday,Yes
954,13.8,40,20.21,1,Evening,Snow,Cash,Friday,Yes
955,3.4,7,5.97,4,Evening,Snow,Cash,Monday,Yes
956,16.9,31,31.88,2,Night,Snow,Card,Saturday,No
957,11.5,22,19.15,2,Afternoon,Snow,Cash,Tuesday,No
958,13.4,36,18.47,4,Evening,Clear,Card,Sunday,Yes
959,16.1,34,28.35,3,Morning,Clear,Cash,Tuesday,Yes
960,13.1,38,22.56,2,Morning,Snow,Cash,Thursday,Yes
961,3.2,5,5.67,4,Morning,Snow,Card,Tuesday,Yes
962,2.8,6,3.98,1,Night,Snow,Card,Monday,No
963,16.6,46,29.41,1,Afternoon,Clear,Card,Sunday,No
964,14.4,40,28.51,3,Morning,Rain,Card,Friday,Yes
965,14.0,39,24.02,2,Morning,Rain,Cash,Thursday,Yes
966,2.3,4,4.49,2,Evening,Rain,Cash,Wednesday,Yes
967,2.2,4,3.33,1,Afternoon,Rain,Cash,Saturday,No
968,16.7,29,29.39,2,Evening,Snow,Cash,Thursday,Yes
969,6.5,15,11.32,4,Night,Rain,Cash,Wednesday,No
970,18.0,34,28.44,1,Afternoon,Clear,Card,Friday,No
971,19.6,40,39.02,2,Morning,Snow,Card,Sunday,Yes
972,4.2,7,6.18,3,Night,Rain,Cash,Sunday,No
973,12.3,36,20.29,4,Afternoon,Clear,Card,Tuesday,No
974,8.8,20,12.7,4,Evening,Clear,Cash,Friday,Yes
975,5.4,9,7.51,3,Afternoon,Rain,Card,Friday,No
976,5.5,16,7.03,1,Night,Snow,Cash,Saturday,No
977,13.3,24,16.49,4,Afternoon,Clear,Card,Sunday,No
978,6.8,13,13.19,4,Morning,Snow,Cash,Saturday,Yes
979,12.5,26,17.34,2,Evening,Rain,Card,Sunday,Yes
980,5.1,12,7.91,2,Evening,Snow,Card,Monday,Yes
981,9.2,23,13.38,2,Afternoon,Snow,Cash,Wednesday,No
982,19.9,40,38.26,2,Afternoon,Rain,Card,Saturday,No
983,5.2,8,7.91,1,Afternoon,Snow,Card,Monday,No
984,4.6,9,8.04,2,Night,Rain,Card,Friday,No
985,4.1,7,5.2,4,Afternoon,Rain,Cash,Wednesday,No
986,15.0,32,21.21,3,Evening,Rain,Card,Friday,Yes
987,18.2,49,33.61,4,Evening,Clear,Card,Thursday,Yes
988,8.3,22,13.17,4,Evening,Rain,Cash,Wednesday,Yes
989,8.9,25,12.59,4,Evening,Clear,Cash,Sunday,Yes
990,8.8,19,17.01,3,Night,Snow,Card,Sunday,No
991,18.0,46,28.53,4,Afternoon,Rain,Card,Sunday,No
992,14.9,44,28.92,2,Night,Rain,Card,Friday,No
993,7.8,16,15.44,4,Morning,Clear,Cash,Wednesday,Yes
994,14.5,27,26.85,1,Night,Clear,Cash,Sunday,No
995,13.6,32,25.3,2,Evening,Rain,Cash,Monday,Yes
996,6.1,15,11.91,3,Morning,Snow,Cash,Tuesday,Yes
997,14.6,34,28.08,2,Afternoon,Snow,Card,Tuesday,No
998,12.2,34,19.22,4,Afternoon,Snow,Cash,Thursday,No
999,8.3,16,14.25,4,Night,Rain,Card,Tuesday,No
1000,9.5,16,12.65,4,Morning,Rain,Cash,Tuesday,Yes
1001,9.0,16,17.73,2,Night,Snow,Cash,Sunday,No
1002,13.0,32,23.75,4,Afternoon,Rain,Card,Tuesday,No
1003,18.6,45,24.91,2,Morning,Rain,Card,Tuesday,Yes
1004,9.1,26,11.04,1,Evening,Clear,Cash,Wednesday,Yes
1005,15.5,44,25.1,1,Evening,Clear,Card,Wednesday,Yes
1006,11.1,28,17.61,1,Morning,Snow,Cash,Sunday,Yes
1007,16.5,41,22.24,4,Evening,Clear,Cash,Sunday,Yes
1008,10.1,28,16.77,3,Evening,Snow,Cash,Thursday,Yes
1009,4.7,14,5.89,4,Night,Rain,Cash,Monday,No
1010,3.8,6,5.97,4,Night,Snow,Cash,Sunday,No
1011,17.1,26,31.24,3,Evening,Rain,Cash,Tuesday,Yes
1012,15.9,47,30.48,2,Night,Rain,Card,Thursday,No
1013,16.3,25,26.19,3,Afternoon,Clear,Card,Friday,No
1014,16.0,29,27.31,2,Afternoon,Rain,Card,Sunday,No
1015,4.9,14,8.36,3,Morning,Snow,Cash,Tuesday,Yes
1016,12.5,26,19.3,2,Evening,Snow,Card,Sunday,Yes
1017,10.2,23,14.54,3,Afternoon,Rain,Card,Tuesday,No
1018,6.4,18,11.9,3,Morning,Clear,Card,Tuesday,Yes
1019,14.2,36,23.95,3,Morning,Snow,Cash,Saturday,Yes
1020,2.1,5,3.14,4,Afternoon,Rain,Card,Wednesday,No
1021,9.2,22,15.83,4,Afternoon,Rain,Card,Thursday,No
1022,8.4,16,12.23,1,Night,Snow,Card,Thursday,No
1023,14.1,42,26.81,4,Afternoon,Snow,Cash,Tuesday,No
1024,18.5,33,28.1,2,Morning,Snow,Cash,Monday,Yes
1025,3.3,6,4.11,3,Evening,Clear,Card,Wednesday,Yes
1026,10.6,19,17.57,3,Night,Rain,Card,Monday,No
1027,13.0,22,24.17,3,Evening,Clear,Cash,Wednesday,Yes
1028,13.3,30,20.56,1,Night,Rain,Card,Wednesday,No
1029,19.7,47,27.07,1,Morning,Snow,Card,Thursday,Yes
1030,13.2,24,26.2,1,Evening,Clear,Cash,Wednesday,Yes
1031,2.4,5,4.36,4,Afternoon,Clear,Card,Thursday,No
1032,6.1,9,11.56,1,Night,Snow,Cash,Thursday,No
1033,17.5,35,32.65,2,Night,Rain,Card,Saturday,No
1034,2.1,6,3.39,3,Afternoon,Rain,Card,Friday,No
1035,3.0,5,3.87,4,Evening,Clear,Cash,Friday,Yes
1036,3.4,8,5.54,4,Night,Clear,Card,Wednesday,No
1037,18.4,55,23.26,1,Afternoon,Clear,Cash,Friday,No
1038,18.1,43,24.58,1,Afternoon,Rain,Cash,Monday,No
1039,13.5,33,16.84,4,Night,Snow,Card,Wednesday,No
1040,8.5,13,15.57,4,Morning,Rain,Card,Wednesday,Yes
1041,2.1,5,3.52,3,Night,Snow,Cash,Tuesday,No
1042,14.2,37,27.32,1,Night,Snow,Card,Sunday,No
1043,10.4,25,15.88,4,Evening,Snow,Card,Thursday,Yes
1044,10.3,28,15.2,4,Morning,Clear,Card,Wednesday,Yes
1045,16.1,38,22.0,4,Morning,Clear,Card,Friday,Yes
1046,4.3,12,8.13,4,Afternoon,Rain,Cash,Thursday,No
1047,18.0,44,30.53,1,Night,Clear,Card,Tuesday,No
1048,12.0,22,21.61,2,Morning,Rain,Card,Tuesday,Yes
1049,10.2,29,15.78,3,Evening,Rain,Cash,Sunday,Yes
1050,8.3,17,14.65,3,Evening,Rain,Card,Saturday,Yes
1051,10.9,20,14.13,4,Morning,Snow,Cash,Monday,Yes
1052,14.8,36,22.86,4,Evening,Snow,Cash,Sunday,Yes
1053,13.1,26,18.06,2,Night,Clear,Card,Saturday,No
1054,17.3,46,24.69,3,Afternoon,Snow,Card,Saturday,No
1055,6.3,16,11.89,2,Evening,Rain,Cash,Sunday,Yes
1056,3.3,9,4.35,4,Afternoon,Rain,Cash,Saturday,No
1057,14.6,32,21.14,3,Morning,Clear,Card,Monday,Yes
1058,10.8,25,18.7,4,Afternoon,Snow,Card,Sunday,No
1059,6.0,15,11.2,3,Night,Snow,Cash,Monday,No
1060,10.2,29,17.45,1,Morning,Rain,Cash,Saturday,Yes
1061,3.1,5,5.4,4,Afternoon,Snow,Cash,Monday,No
1062,13.3,33,24.65,1,Morning,Rain,Card,Wednesday,Yes
1063,3.3,7,6.04,3,Night,Snow,Cash,Sunday,No
1064,18.1,29,35.9,4,Night,Clear,Cash,Saturday,No
1065,12.7,23,22.5,4,Night,Snow,Card,Thursday,No
1066,11.5,29,17.55,4,Night,Clear,Card,Thursday,No
1067,2.7,5,4.42,4,Afternoon,Rain,Cash,Sunday,No
1068,10.0,18,12.25,3,Afternoon,Snow,Card,Monday,No
1069,2.8,7,4.35,2,Afternoon,Snow,Card,Wednesday,No
1070,1.9,5,3.51,1,Evening,Snow,Card,Saturday,Yes
1071,11.6,18,15.55,2,Evening,Rain,Card,Monday,Yes
1072,14.6,38,23.68,3,Evening,Clear,Cash,Thursday,Yes
1073,9.2,26,13.83,2,Afternoon,Snow,Cash,Wednesday,No
1074,8.7,23,12.85,3,Evening,Rain,Card,Wednesday,Yes
1075,18.1,29,27.99,1,Night,Snow,Cash,Tuesday,No
1076,9.6,28,13.23,2,Afternoon,Clear,Cash,Wednesday,No
1077,12.7,32,24.12,1,Morning,Clear,Card,Wednesday,Yes
1078,7.7,19,11.97,1,Afternoon,Rain,Card,Saturday,No
1079,10.8,31,19.15,2,Afternoon,Snow,Card,Saturday,No
1080,10.8,18,14.65,2,Night,Rain,Card,Thursday,No
1081,19.2,39,27.65,3,Afternoon,Rain,Card,Monday,No
1082,9.1,22,14.75,3,Evening,Clear,Card,Monday,Yes
1083,11.0,20,18.3,4,Morning,Snow,Card,Tuesday,Yes
1084,3.8,7,6.77,2,Evening,Snow,Card,Monday,Yes
1085,2.5,6,4.36,3,Evening,Snow,Card,Thursday,Yes
1086,9.6,16,12.89,4,Morning,Clear,Card,Sunday,Yes
1087,1.8,5,2.61,3,Morning,Snow,Card,Tuesday,Yes
1088,2.4,7,3.03,1,Afternoon,Clear,Cash,Tuesday,No
1089,6.1,15,7.44,1,Evening,Snow,Cash,Wednesday,Yes
1090,11.6,31,19.69,1,Evening,Snow,Cash,Tuesday,Yes
1091,15.8,24,30.54,4,Night,Snow,Card,Friday,No
1092,16.1,42,28.87,3,Afternoon,Clear,Card,Friday,No
1093,14.7,27,18.52,3,Evening,Rain,Card,Wednesday,Yes
1094,19.6,58,30.65,2,Night,Rain,Cash,Thursday,No
1095,13.7,40,19.67,3,Night,Snow,Card,Friday,No
1096,12.2,32,16.34,3,Morning,Rain,Card,Wednesday,Yes
1097,2.1,5,4.16,2,Afternoon,Snow,Cash,Monday,No
1098,18.9,39,27.41,1,Evening,Clear,Card,Saturday,Yes
1099,12.8,38,22.89,2,Evening,Clear,Card,Friday,Yes
1100,19.7,38,30.05,2,Evening,Snow,Card,Monday,Yes
1101,16.1,24,20.35,2,Evening,Rain,Cash,Wednesday,Yes
1102,6.2,18,9.5,2,Afternoon,Clear,Card,Tuesday,No
1103,17.2,32,23.12,1,Night,Clear,Cash,Friday,No
1104,8.5,21,13.6,1,Afternoon,Rain,Card,Wednesday,No
1105,14.8,23,21.92,4,Evening,Clear,Card,Thursday,Yes
1106,4.0,7,6.42,2,Morning,Clear,Cash,Saturday,Yes
1107,7.2,20,13.07,2,Night,Snow,Card,Wednesday,No
1108,1.9,3,3.51,2,Night,Snow,Card,Sunday,No
1109,9.9,28,15.01,3,Morning,Rain,Cash,Wednesday,Yes
1110,5.1,14,7.03,3,Morning,Snow,Cash,Monday,Yes
1111,9.4,16,17.78,4,Night,Snow,Card,Tuesday,No
1112,13.0,25,16.38,4,Evening,Rain,Card,Sunday,Yes
1113,19.4,50,31.98,3,Morning,Snow,Card,Monday,Yes
1114,9.8,16,15.95,3,Night,Snow,Card,Tuesday,No
1115,8.0,17,11.82,3,Evening,Rain,Card,Tuesday,Yes
1116,12.2,19,22.75,4,Afternoon,Clear,Cash,Friday,No
1117,12.3,19,15.81,2,Afternoon,Clear,Card,Saturday,No
1118,18.9,46,23.16,3,Evening,Rain,Cash,Thursday,Yes
1119,2.7,6,3.94,2,Afternoon,Snow,Cash,Monday,No
1120,3.6,6,5.74,2,Night,Clear,Cash,Sunday,No
1121,17.4,50,34.25,4,Evening,Rain,Card,Tuesday,Yes
1122,7.4,16,8.96,4,Night,Rain,Cash,Tuesday,No
1123,8.1,13,12.13,4,Morning,Rain,Cash,Saturday,Yes
1124,14.2,24,17.63,4,Afternoon,Snow,Card,Tuesday,No
1125,14.8,44,26.59,1,Night,Rain,Card,Thursday,No
1126,10.1,26,12.73,3,Afternoon,Clear,Cash,Friday,No
1127,12.5,26,15.84,4,Evening,Snow,Card,Tuesday,Yes
1128,15.3,25,29.32,1,Morning,Snow,Card,Sunday,Yes
1129,7.4,14,13.54,4,Afternoon,Rain,Cash,Wednesday,No
1130,3.2,9,4.05,3,Morning,Clear,Card,Wednesday,Yes
1131,18.6,50,28.65,3,Night,Clear,Card,Thursday,No
1132,7.8,21,14.95,1,Afternoon,Rain,Cash,Sunday,No
1133,5.4,11,7.47,1,Night,Clear,Card,Sunday,No
1134,4.6,13,5.76,4,Morning,Rain,Cash,Friday,Yes
1135,14.3,29,26.16,2,Night,Snow,Cash,Thursday,No
1136,6.5,15,11.49,2,Morning,Clear,Cash,Saturday,Yes
1137,6.5,12,11.01,1,Night,Clear,Cash,Saturday,No
1138,7.4,22,12.2,1,Night,Rain,Cash,Wednesday,No
1139,15.4,31,22.01,4,Afternoon,Rain,Card,Saturday,No
1140,4.0,7,7.38,4,Morning,Snow,Cash,Saturday,Yes
1141,19.7,57,36.63,4,Evening,Snow,Card,Wednesday,Yes
1142,18.2,34,35.79,1,Morning,Rain,Card,Monday,Yes
1143,12.6,24,21.07,3,Morning,Snow,Cash,Wednesday,Yes
1144,18.7,49,25.68,3,Evening,Rain,Cash,Monday,Yes
1145,14.4,34,26.99,2,Evening,Rain,Cash,Friday,Yes
1146,1.9,6,2.75,3,Morning,Clear,Card,Monday,Yes
1147,6.2,17,11.18,2,Night,Snow,Card,Tuesday,No
1148,4.5,10,8.52,2,Morning,Snow,Card,Tuesday,Yes
1149,8.3,24,12.43,1,Night,Clear,Card,Thursday,No
1150,3.2,9,5.06,4,Night,Rain,Card,Monday,No
1151,10.3,26,18.6,4,Night,Rain,Cash,Friday,No
1152,9.1,16,16.83,1,Evening,Rain,Cash,Friday,Yes
1153,2.3,4,4.03,1,Afternoon,Snow,Card,Friday,No
1154,8.1,16,13.78,2,Morning,Clear,Card,Tuesday,Yes
1155,9.4,18,13.25,3,Evening,Snow,Card,Saturday,Yes
1156,18.4,44,26.26,2,Afternoon,Snow,Cash,Saturday,No
1157,13.2,27,24.74,1,Afternoon,Clear,Cash,Friday,No
1158,9.4,24,16.1,2,Evening,Clear,Card,Saturday,Yes
1159,9.4,18,16.17,4,Morning,Clear,Card,Monday,Yes
1160,1.9,3,2.84,3,Afternoon,Rain,Card,Sunday,No
1161,19.9,34,27.85,2,Night,Snow,Card,Tuesday,No
1162,12.2,33,15.22,2,Night,Snow,Cash,Saturday,No
1163,5.3,15,6.95,3,Evening,Snow,Cash,Saturday,Yes
1164,6.9,20,12.06,1,Evening,Rain,Cash,Saturday,Yes
1165,10.7,26,13.23,3,Evening,Snow,Card,Thursday,Yes
1166,8.1,15,10.25,1,Night,Clear,Cash,Thursday,No
1167,16.2,27,29.81,1,Evening,Clear,Cash,Tuesday,Yes
1168,15.0,30,22.24,2,Night,Clear,Card,Tuesday,No
1169,15.3,38,21.45,2,Night,Snow,Cash,Sunday,No
1170,10.2,24,12.8,2,Evening,Clear,Cash,Monday,Yes
1171,5.8,12,9.09,4,Morning,Rain,Card,Friday,Yes
1172,10.6,18,20.86,4,Afternoon,Snow,Cash,Friday,No
1173,5.3,11,7.32,3,Afternoon,Snow,Card,Monday,No
1174,19.7,41,35.95,3,Night,Rain,Card,Monday,No
1175,13.5,36,25.18,1,Afternoon,Clear,Cash,Sunday,No
1176,18.4,41,28.35,1,Night,Snow,Card,Sunday,No
1177,17.0,48,32.29,4,Evening,Clear,Card,Tuesday,Yes
1178,8.2,16,15.65,2,Morning,Clear,Card,Thursday,Yes
1179,9.7,16,16.78,4,Evening,Clear,Card,Thursday,Yes
1180,3.9,6,7.64,3,Morning,Clear,Card,Monday,Yes
1181,4.2,9,6.05,3,Afternoon,Clear,Cash,Thursday,No
1182,2.3,7,3.08,4,Morning,Clear,Cash,Thursday,Yes
1183,18.0,30,25.25,3,Morning,Rain,Cash,Friday,Yes
1184,17.1,26,26.61,4,Morning,Clear,Cash,Wednesday,Yes
1185,13.8,37,22.05,3,Afternoon,Snow,Card,Tuesday,No
1186,4.3,9,8.3,3,Night,Clear,Cash,Friday,No
1187,14.7,41,21.19,2,Evening,Rain,Cash,Sunday,Yes
1188,7.0,20,12.07,1,Evening,Clear,Card,Friday,Yes
1189,9.7,23,13.1,3,Night,Rain,Cash,Sunday,No
1190,6.6,11,9.98,1,Afternoon,Snow,Card,Thursday,No
1191,14.2,33,19.8,2,Morning,Snow,Card,Monday,Yes
1192,16.3,28,30.8,3,Evening,Snow,Card,Tuesday,Yes
1193,8.9,21,10.88,3,Night,Snow,Cash,Monday,No
1194,19.6,52,38.46,1,Night,Clear,Cash,Sunday,No
1195,12.7,27,23.0,4,Afternoon,Snow,Card,Saturday,No
1196,15.5,37,22.37,3,Morning,Rain,Card,Thursday,Yes
1197,1.7,3,3.06,2,Afternoon,Clear,Card,Sunday,No
1198,13.8,35,18.25,2,Afternoon,Snow,Card,Sunday,No
1199,19.1,38,28.74,4,Evening,Clear,Card,Monday,Yes
1200,17.0,51,24.83,4,Night,Rain,Cash,Wednesday,No
1201,3.4,8,6.15,2,Afternoon,Rain,Card,Sunday,No
1202,10.3,16,14.68,4,Morning,Clear,Card,Tuesday,Yes
1203,3.9,10,5.08,1,Morning,Clear,Cash,Thursday,Yes
1204,3.5,9,6.2,3,Night,Clear,Card,Thursday,No
1205,3.2,6,5.87,1,Morning,Rain,Cash,Tuesday,Yes
1206,12.7,25,16.34,4,Night,Snow,Cash,Monday,No
1207,5.9,9,10.5,4,Night,Snow,Card,Saturday,No
1208,19.7,57,39.36,4,Afternoon,Snow,Cash,Saturday,No
1209,17.7,53,31.6,1,Night,Rain,Cash,Saturday,No
1210,8.3,19,12.37,1,Night,Rain,Card,Wednesday,No
1211,10.6,31,17.12,1,Night,Clear,Card,Saturday,No
1212,16.5,44,30.65,1,Evening,Rain,Card,Thursday,Yes
1213,16.9,30,33.31,1,Morning,Rain,Card,Wednesday,Yes
1214,17.3,37,25.1,1,Afternoon,Clear,Card,Thursday,No
1215,10.5,18,17.55,2,Evening,Rain,Cash,Thursday,Yes
1216,17.2,46,22.08,1,Evening,Rain,Cash,Sunday,Yes
1217,10.8,27,20.16,2,Evening,Snow,Cash,Thursday,Yes
1218,2.6,5,3.75,4,Morning,Snow,Card,Wednesday,Yes
1219,18.0,41,34.01,2,Afternoon,Clear,Card,Tuesday,No
1220,7.8,15,13.32,2,Morning,Rain,Card,Tuesday,Yes
1221,4.2,10,8.05,1,Morning,Clear,Cash,Saturday,Yes
1222,2.1,5,2.78,4,Afternoon,Rain,Cash,Friday,No
1223,7.9,19,15.24,1,Night,Snow,Card,Saturday,No
1224,18.2,48,30.51,4,Evening,Rain,Card,Thursday,Yes
1225,6.0,17,8.17,3,Afternoon,Rain,Cash,Wednesday,No
1226,14.7,33,18.93,2,Night,Rain,Cash,Tuesday,No
1227,6.3,12,10.51,3,Evening,Clear,Cash,Saturday,Yes
1228,13.6,21,27.1,3,Afternoon,Snow,Cash,Monday,No
1229,17.2,33,27.55,1,Evening,Rain,Card,Saturday,Yes
1230,7.1,14,9.49,1,Night,Clear,Cash,Sunday,No
1231,11.5,22,15.94,1,Afternoon,Rain,Cash,Wednesday,No
1232,13.5,32,16.55,2,Afternoon,Clear,Cash,Tuesday,No
1233,7.2,13,12.2,1,Night,Rain,Card,Thursday,No
1234,8.7,19,10.8,2,Morning,Clear,Cash,Monday,Yes
1235,8.6,21,15.95,1,Morning,Rain,Cash,Thursday,Yes
1236,2.3,6,4.05,4,Evening,Snow,Card,Monday,Yes
1237,13.1,35,24.01,1,Night,Snow,Cash,Friday,No
1238,6.1,10,8.0,4,Night,Rain,Card,Sunday,No
1239,8.7,26,14.18,1,Afternoon,Rain,Cash,Friday,No
1240,11.9,28,20.21,3,Afternoon,Snow,Card,Thursday,No
1241,11.8,33,19.24,1,Afternoon,Rain,Cash,Thursday,No
1242,8.9,19,15.55,3,Evening,Snow,Cash,Saturday,Yes
1243,19.1,34,37.34,2,Night,Snow,Cash,Saturday,No
1244,8.2,24,10.41,3,Afternoon,Snow,Cash,Friday,No
1245,18.4,28,25.73,2,Evening,Rain,Card,Tuesday,Yes
1246,1.8,3,2.29,4,Night,Snow,Card,Thursday,No
1247,3.1,8,4.49,3,Night,Clear,Card,Friday,No
1248,15.9,38,26.93,2,Night,Clear,Cash,Sunday,No
1249,6.5,18,12.22,2,Afternoon,Rain,Cash,Tuesday,No
1250,15.1,36,24.23,1,Evening,Clear,Card,Tuesday,Yes
1251,4.4,13,8.63,3,Evening,Snow,Cash,Tuesday,Yes
1252,16.5,42,27.93,1,Afternoon,Snow,Cash,Wednesday,No
1253,17.2,50,24.22,1,Night,Rain,Cash,Monday,No
1254,13.0,24,16.95,4,Night,Snow,Card,Sunday,No
1255,13.6,24,18.7,1,Evening,Rain,Cash,Thursday,Yes
1256,8.8,21,15.36,4,Morning,Snow,Card,Wednesday,Yes
1257,4.9,8,6.12,2,Afternoon,Clear,Cash,Thursday,No
1258,11.0,21,15.5,2,Night,Rain,Card,Tuesday,No
1259,2.6,6,4.96,3,Afternoon,Clear,Card,Saturday,No
1260,7.4,15,13.86,3,Afternoon,Rain,Cash,Tuesday,No
1261,6.6,11,12.63,2,Afternoon,Rain,Card,Monday,No
1262,7.4,12,10.53,1,Evening,Clear,Card,Wednesday,Yes
1263,14.6,43,27.75,2,Morning,Rain,Cash,Tuesday,Yes
1264,13.0,37,23.12,1,Night,Rain,Card,Tuesday,No
1265,7.8,17,13.0,4,Evening,Snow,Card,Monday,Yes
1266,8.0,15,10.89,2,Afternoon,Rain,Card,Sunday,No
1267,12.1,19,21.54,4,Night,Clear,Cash,Sunday,No
1268,10.5,22,16.67,2,Evening,Clear,Cash,Saturday,Yes
1269,9.8,22,17.42,3,Night,Clear,Card,Wednesday,No
1270,15.1,26,20.53,4,Night,Rain,Card,Sunday,No
1271,11.7,34,17.88,4,Afternoon,Rain,Card,Saturday,No
1272,8.8,19,14.98,4,Evening,Rain,Cash,Monday,Yes
1273,9.6,15,14.62,3,Night,Snow,Card,Tuesday,No
1274,15.8,33,23.81,3,Afternoon,Snow,Card,Thursday,No
1275,3.1,8,4.71,2,Evening,Clear,Cash,Friday,Yes
1276,18.1,41,29.13,4,Afternoon,Rain,Cash,Sunday,No
1277,13.1,23,19.62,2,Night,Clear,Cash,Friday,No
1278,10.8,21,19.3,4,Night,Clear,Card,Sunday,No
1279,6.7,20,12.08,3,Evening,Rain,Card,Tuesday,Yes
1280,18.1,47,29.28,2,Night,Rain,Cash,Saturday,No
1281,17.7,34,27.82,4,Evening,Snow,Cash,Friday,Yes
1282,6.1,12,7.79,4,Night,Clear,Cash,Tuesday,No
1283,14.7,23,25.25,2,Night,Rain,Card,Monday,No
1284,13.6,29,17.94,4,Afternoon,Snow,Cash,Friday,No
1285,16.8,42,32.96,1,Evening,Snow,Cash,Sunday,Yes
1286,6.1,16,7.46,4,Evening,Snow,Card,Thursday,Yes
1287,6.7,17,8.66,4,Morning,Rain,Card,Tuesday,Yes
1288,14.2,22,25.12,1,Afternoon,Rain,Cash,Thursday,No
1289,17.7,28,26.23,1,Afternoon,Snow,Cash,Thursday,No
1290,12.6,24,24.14,4,Evening,Clear,Cash,Tuesday,Yes
1291,18.8,40,32.22,3,Night,Clear,Card,Monday,No
1292,9.6,19,12.02,1,Morning,Clear,Cash,Friday,Yes
1293,5.7,11,7.75,1,Afternoon,Clear,Cash,Tuesday,No
1294,13.1,38,24.39,2,Evening,Clear,Cash,Tuesday,Yes
1295,9.2,20,17.62,4,Evening,Rain,Cash,Sunday,Yes
1296,3.9,10,6.15,3,Night,Clear,Card,Saturday,No
1297,12.8,30,23.43,4,Morning,Snow,Cash,Saturday,Yes
1298,14.9,27,18.82,2,Afternoon,Rain,Cash,Monday,No
1299,4.2,8,7.57,1,Morning,Snow,Cash,Tuesday,Yes
1300,8.4,21,14.71,2,Night,Snow,Cash,Thursday,No
1301,12.8,35,20.07,2,Evening,Rain,Card,Saturday,Yes
1302,16.9,49,24.26,2,Night,Snow,Card,Wednesday,No
1303,17.8,37,27.79,2,Morning,Clear,Card,Tuesday,Yes
1304,11.6,29,19.23,4,Night,Snow,Card,Friday,No
1305,9.6,24,17.93,4,Afternoon,Snow,Cash,Wednesday,No
1306,17.7,49,25.02,4,Morning,Rain,Card,Monday,Yes
1307,12.6,24,21.07,4,Afternoon,Snow,Cash,Wednesday,No
1308,1.7,3,2.21,1,Morning,Snow,Card,Thursday,Yes
1309,3.2,8,6.23,2,Afternoon,Rain,Cash,Friday,No
1310,8.0,20,13.78,4,Evening,Rain,Card,Monday,Yes
1311,14.7,40,19.95,1,Afternoon,Clear,Cash,Friday,No
1312,14.3,40,21.86,3,Afternoon,Rain,Card,Friday,No
1313,1.7,4,2.27,2,Afternoon,Clear,Cash,Thursday,No
1314,9.7,16,19.03,4,Afternoon,Clear,Card,Thursday,No
1315,8.4,23,15.34,4,Morning,Rain,Card,Wednesday,Yes
1316,6.0,10,8.34,2,Morning,Clear,Cash,Saturday,Yes
1317,2.7,4,3.25,2,Afternoon,Snow,Card,Wednesday,No
1318,14.7,30,26.09,2,Morning,Snow,Card,Sunday,Yes
1319,12.7,20,24.22,2,Evening,Rain,Cash,Thursday,Yes
1320,2.1,4,3.98,3,Evening,Clear,Cash,Tuesday,Yes
1321,15.5,33,21.54,4,Morning,Rain,Cash,Thursday,Yes
1322,7.2,14,13.16,4,Evening,Clear,Cash,Saturday,Yes
1323,13.8,36,20.88,3,Night,Rain,Cash,Sunday,No
1324,8.8,20,12.86,4,Night,Rain,Cash,Saturday,No
1325,14.4,24,23.24,1,Afternoon,Snow,Card,Tuesday,No
1326,7.6,18,11.65,1,Morning,Rain,Card,Friday,Yes
1327,11.2,19,18.67,3,Night,Snow,Cash,Monday,No
1328,18.9,37,34.65,1,Morning,Clear,Card,Tuesday,Yes
1329,7.1,21,12.54,4,Evening,Clear,Card,Sunday,Yes
1330,2.9,6,5.23,4,Afternoon,Snow,Card,Sunday,No
1331,12.8,25,24.7,2,Afternoon,Clear,Cash,Thursday,No
1332,18.5,46,29.84,2,Evening,Clear,Card,Monday,Yes
1333,10.3,21,13.32,1,Morning,Clear,Card,Friday,Yes
1334,14.2,26,24.45,4,Afternoon,Snow,Card,Tuesday,No
1335,5.3,12,10.56,1,Morning,Clear,Card,Thursday,Yes
1336,10.3,26,15.53,4,Evening,Snow,Card,Wednesday,Yes
1337,8.5,20,10.39,4,Morning,Snow,Cash,Thursday,Yes
1338,8.4,19,12.88,2,Morning,Snow,Cash,Sunday,Yes
1339,10.2,23,20.35,1,Evening,Clear,Cash,Friday,Yes
1340,14.6,23,21.63,4,Evening,Clear,Cash,Monday,Yes
1341,6.7,13,9.32,4,Morning,Clear,Card,Sunday,Yes
1342,3.5,7,6.55,2,Night,Snow,Cash,Friday,No
1343,13.1,38,20.76,2,Night,Snow,Card,Sunday,No
1344,15.5,37,21.45,4,Afternoon,Snow,Cash,Monday,No
1345,17.0,40,33.73,2,Afternoon,Rain,Cash,Tuesday,No
1346,7.7,12,9.43,1,Afternoon,Clear,Cash,Tuesday,No
1347,14.0,25,18.45,4,Afternoon,Snow,Cash,Tuesday,No
1348,2.3,6,3.91,3,Afternoon,Snow,Cash,Saturday,No
1349,19.1,40,24.41,4,Night,Clear,Cash,Tuesday,No
1350,19.8,38,28.37,1,Evening,Clear,Card,Tuesday,Yes
1351,5.8,11,7.54,3,Morning,Clear,Card,Thursday,Yes
1352,10.6,30,16.74,4,Evening,Snow,Card,Tuesday,Yes
1353,7.3,14,13.47,2,Night,Clear,Card,Tuesday,No
1354,16.9,49,29.42,2,Morning,Snow,Card,Tuesday,Yes
1355,17.3,43,24.6,1,Morning,Clear,Card,Tuesday,Yes
1356,16.2,26,26.6,1,Afternoon,Rain,Card,Saturday,No
1357,9.3,24,15.83,1,Night,Clear,Card,Friday,No
1358,2.3,7,3.53,4,Evening,Rain,Cash,Wednesday,Yes
1359,13.0,34,23.84,1,Afternoon,Rain,Cash,Thursday,No
1360,11.0,19,14.1,2,Morning,Snow,Cash,Saturday,Yes
1361,3.7,8,4.46,2,Evening,Snow,Card,Sunday,Yes
1362,17.0,26,32.08,4,Evening,Rain,Cash,Friday,Yes
1363,18.3,55,25.15,1,Afternoon,Snow,Card,Friday,No
1364,5.8,14,8.27,3,Afternoon,Clear,Cash,Tuesday,No
1365,15.5,25,21.36,4,Afternoon,Clear,Cash,Sunday,No
1366,13.5,24,26.91,4,Evening,Rain,Card,Friday,Yes
1367,19.9,36,27.8,2,Morning,Rain,Card,Sunday,Yes
1368,14.1,35,19.6,3,Evening,Snow,Cash,Friday,Yes
1369,10.3,25,13.61,4,Afternoon,Rain,Cash,Monday,No
1370,12.5,24,23.29,3,Afternoon,Clear,Cash,Wednesday,No
1371,16.9,27,25.86,1,Morning,Rain,Cash,Thursday,Yes
1372,10.9,31,13.64,1,Night,Snow,Cash,Tuesday,No
1373,19.2,33,35.35,1,Evening,Rain,Cash,Wednesday,Yes
1374,17.2,41,31.65,1,Morning,Rain,Cash,Monday,Yes
1375,15.3,34,28.25,4,Afternoon,Rain,Cash,Wednesday,No
1376,19.2,36,34.9,1,Morning,Snow,Card,Thursday,Yes
1377,6.5,10,10.49,1,Night,Snow,Card,Sunday,No
1378,13.2,30,19.56,4,Morning,Snow,Cash,Tuesday,Yes
1379,2.2,5,3.21,3,Afternoon,Rain,Card,Friday,No
1380,7.7,22,14.72,4,Afternoon,Rain,Cash,Sunday,No
1381,2.4,5,3.92,4,Evening,Rain,Cash,Wednesday,Yes
1382,16.5,27,24.81,4,Afternoon,Rain,Card,Saturday,No
1383,12.2,32,22.42,4,Night,Rain,Cash,Monday,No
1384,12.9,24,18.05,2,Afternoon,Snow,Cash,Wednesday,No
1385,9.0,18,15.98,4,Morning,Clear,Cash,Saturday,Yes
1386,16.4,35,24.73,1,Morning,Rain,Card,Wednesday,Yes
1387,5.5,11,7.59,4,Night,Clear,Card,Wednesday,No
1388,4.2,7,8.2,4,Afternoon,Clear,Card,Thursday,No
1389,17.0,46,26.49,4,Morning,Snow,Cash,Monday,Yes
1390,12.6,26,20.07,1,Afternoon,Rain,Cash,Thursday,No
1391,15.5,44,25.03,3,Morning,Clear,Card,Wednesday,Yes
1392,13.7,32,16.96,4,Night,Clear,Cash,Thursday,No
1393,2.3,6,4.29,2,Evening,Clear,Card,Tuesday,Yes
1394,3.1,9,5.86,1,Morning,Rain,Card,Monday,Yes
1395,13.1,28,16.93,1,Evening,Rain,Cash,Saturday,Yes
1396,10.2,24,17.19,2,Evening,Clear,Card,Sunday,Yes
1397,2.1,4,3.54,2,Afternoon,Clear,Card,Wednesday,No
1398,14.0,32,26.27,2,Night,Rain,Card,Wednesday,No
1399,16.0,26,20.56,3,Night,Snow,Card,Friday,No
1400,2.0,5,3.28,2,Evening,Rain,Card,Friday,Yes
1401,14.6,28,28.13,2,Morning,Clear,Card,Thursday,Yes
1402,13.9,30,20.7,2,Afternoon,Snow,Cash,Friday,No
1403,13.4,29,17.97,1,Night,Clear,Cash,Thursday,No
1404,15.4,42,18.94,3,Evening,Clear,Card,Thursday,Yes
1405,7.3,18,13.44,1,Evening,Rain,Card,Wednesday,Yes
1406,3.5,8,5.18,3,Afternoon,Snow,Cash,Sunday,No
1407,5.3,13,7.71,2,Morning,Clear,Card,Monday,Yes
1408,18.3,33,24.99,2,Morning,Rain,Card,Sunday,Yes
1409,11.6,29,17.86,1,Morning,Snow,Cash,Thursday,Yes
1410,2.7,5,5.31,4,Evening,Snow,Cash,Tuesday,Yes
1411,8.2,19,13.83,2,Night,Rain,Cash,Sunday,No
1412,3.2,6,5.86,1,Evening,Clear,Cash,Thursday,Yes
1413,18.8,30,23.25,2,Afternoon,Clear,Card,Thursday,No
1414,2.2,5,3.28,1,Morning,Rain,Cash,Saturday,Yes
1415,16.5,39,24.59,1,Night,Rain,Cash,Thursday,No
1416,13.4,29,16.57,2,Evening,Rain,Card,Sunday,Yes
1417,9.9,16,17.53,4,Afternoon,Rain,Card,Friday,No
1418,8.1,21,9.98,3,Night,Rain,Cash,Saturday,No
1419,4.4,10,6.56,3,Night,Clear,Card,Monday,No
1420,5.7,14,8.1,2,Morning,Clear,Cash,Saturday,Yes
1421,7.4,14,9.0,4,Night,Rain,Card,Sunday,No
1422,16.5,27,27.0,4,Morning,Rain,Cash,Thursday,Yes
1423,7.6,21,14.99,4,Afternoon,Rain,Cash,Wednesday,No
1424,6.8,17,12.59,4,Morning,Snow,Cash,Tuesday,Yes
1425,17.0,37,22.39,3,Evening,Rain,Cash,Thursday,Yes
1426,6.6,11,11.93,2,Morning,Rain,Card,Wednesday,Yes
1427,17.5,31,21.96,2,Evening,Clear,Cash,Tuesday,Yes
1428,3.3,5,5.55,3,Afternoon,Snow,Card,Wednesday,No
1429,4.1,11,5.81,2,Night,Clear,Cash,Wednesday,No
1430,6.9,18,12.0,2,Afternoon,Rain,Card,Friday,No
1431,6.3,11,11.16,3,Night,Clear,Cash,Monday,No
1432,10.7,28,17.86,1,Afternoon,Snow,Card,Sunday,No
1433,1.9,5,3.17,2,Morning,Clear,Card,Monday,Yes
1434,15.2,25,27.85,3,Evening,Snow,Card,Wednesday,Yes
1435,7.2,21,10.32,1,Afternoon,Snow,Card,Sunday,No
1436,7.9,23,14.12,2,Morning,Rain,Cash,Sunday,Yes
1437,15.1,41,27.54,1,Afternoon,Rain,Card,Sunday,No
1438,10.4,24,16.47,1,Morning,Snow,Cash,Saturday,Yes
1439,6.0,18,7.36,2,Morning,Rain,Card,Tuesday,Yes
1440,7.0,21,12.25,3,Afternoon,Snow,Cash,Thursday,No
1441,16.5,26,29.35,1,Afternoon,Rain,Cash,Saturday,No
1442,19.3,37,35.43,4,Night,Clear,Cash,Saturday,No
1443,14.1,34,27.03,1,Morning,Snow,Card,Wednesday,Yes
1444,8.6,15,14.03,3,Evening,Clear,Cash,Thursday,Yes
1445,18.5,44,26.51,1,Evening,Rain,Cash,Sunday,Yes
1446,9.3,26,17.82,3,Night,Rain,Cash,Thursday,No
1447,2.7,5,4.96,4,Night,Snow,Card,Friday,No
1448,9.1,23,13.98,2,Morning,Clear,Cash,Saturday,Yes
1449,10.7,31,19.56,3,Evening,Rain,Cash,Tuesday,Yes
1450,14.1,41,22.34,3,Morning,Snow,Cash,Thursday,Yes
1451,1.9,3,3.39,3,Evening,Rain,Card,Sunday,Yes
1452,14.5,36,26.65,3,Afternoon,Rain,Card,Tuesday,No
1453,3.9,8,5.61,2,Evening,Clear,Cash,Wednesday,Yes
1454,17.4,32,22.07,2,Night,Rain,Cash,Wednesday,No
1455,18.7,41,30.38,3,Morning,Rain,Cash,Saturday,Yes
1456,9.5,26,13.44,1,Afternoon,Rain,Card,Wednesday,No
1457,11.3,30,16.69,3,Afternoon,Clear,Cash,Tuesday,No
1458,11.3,33,19.68,3,Morning,Clear,Card,Thursday,Yes
1459,10.0,25,15.12,2,Night,Snow,Card,Sunday,No
1460,3.1,6,6.13,4,Morning,Clear,Card,Friday,Yes
1461,13.7,30,20.72,2,Morning,Clear,Card,Saturday,Yes
1462,15.8,28,25.42,3,Morning,Clear,Cash,Thursday,Yes
1463,7.3,15,12.39,4,Evening,Snow,Card,Saturday,Yes
1464,16.5,26,27.56,3,Morning,Snow,Card,Tuesday,Yes
1465,11.7,27,18.04,4,Afternoon,Clear,Card,Wednesday,No
1466,6.4,13,11.94,2,Afternoon,Rain,Cash,Monday,No
1467,14.4,33,20.07,4,Evening,Rain,Cash,Sunday,Yes
1468,8.2,20,11.79,3,Morning,Clear,Cash,Wednesday,Yes
1469,11.5,26,22.43,3,Night,Rain,Card,Tuesday,No
1470,4.4,10,7.27,1,Afternoon,Snow,Card,Wednesday,No
1471,19.8,54,30.92,3,Evening,Clear,Card,Monday,Yes
1472,14.0,36,22.61,1,Afternoon,Clear,Cash,Saturday,No
1473,18.6,38,33.59,3,Afternoon,Snow,Card,Saturday,No
1474,8.9,22,17.07,3,Morning,Rain,Card,Saturday,Yes
1475,5.6,16,8.85,3,Night,Snow,Cash,Sunday,No
1476,8.2,14,12.85,4,Morning,Clear,Card,Wednesday,Yes
1477,16.6,44,22.23,4,Morning,Clear,Card,Monday,Yes
1478,3.9,10,4.92,2,Morning,Snow,Cash,Monday,Yes
1479,7.3,12,11.03,2,Morning,Snow,Card,Thursday,Yes
1480,9.3,19,13.53,1,Evening,Clear,Card,Sunday,Yes
1481,13.5,28,21.53,2,Evening,Rain,Card,Sunday,Yes
1482,3.1,6,4.75,1,Afternoon,Snow,Cash,Friday,No
1483,7.9,15,13.06,3,Morning,Clear,Card,Saturday,Yes
1484,8.1,13,14.13,3,Night,Snow,Card,Monday,No
1485,5.7,14,8.67,2,Evening,Rain,Card,Thursday,Yes
1486,10.0,25,19.44,3,Evening,Clear,Card,Saturday,Yes
1487,2.6,4,4.12,2,Morning,Rain,Cash,Monday,Yes
1488,3.9,8,5.61,3,Morning,Clear,Card,Tuesday,Yes
1489,9.0,23,13.15,3,Evening,Clear,Cash,Tuesday,Yes
1490,11.7,18,19.61,2,Night,Rain,Cash,Thursday,No
1491,15.2,32,29.75,1,Night,Clear,Cash,Friday,No
1492,9.3,14,12.63,2,Night,Clear,Cash,Wednesday,No
1493,16.9,30,30.28,2,Afternoon,Snow,Cash,Saturday,No
1494,4.8,13,6.13,1,Night,Rain,Card,Monday,No
1495,1.8,4,3.28,1,Afternoon,Rain,Cash,Thursday,No
1496,16.0,32,26.9,2,Evening,Clear,Cash,Friday,Yes
1497,14.0,26,27.65,1,Night,Snow,Cash,Tuesday,No
1498,12.5,33,21.3,2,Evening,Clear,Cash,Monday,Yes
1499,18.3,42,22.9,2,Afternoon,Clear,Card,Thursday,No
1500,6.1,18,10.96,4,Morning,Snow,Card,Sunday,Yes
1501,10.0,21,16.21,4,Afternoon,Rain,Cash,Friday,No
1502,5.6,10,10.61,4,Morning,Snow,Card,Tuesday,Yes
1503,4.1,7,8.12,1,Afternoon,Clear,Card,Friday,No
1504,11.6,33,15.42,2,Afternoon,Rain,Card,Monday,No
1505,4.9,8,6.55,1,Evening,Clear,Card,Monday,Yes
1506,3.9,11,6.47,3,Morning,Clear,Cash,Saturday,Yes
1507,12.4,29,18.39,3,Evening,Rain,Cash,Saturday,Yes
1508,1.7,3,2.85,1,Afternoon,Rain,Cash,Thursday,No
1509,16.1,38,20.34,1,Evening,Rain,Card,Wednesday,Yes
1510,16.3,30,23.35,1,Morning,Clear,Card,Saturday,Yes
1511,1.6,3,3.17,3,Evening,Snow,Cash,Saturday,Yes
1512,3.6,7,6.26,2,Afternoon,Clear,Cash,Tuesday,No
1513,18.5,41,30.52,3,Evening,Snow,Cash,Tuesday,Yes
1514,10.9,19,17.01,4,Morning,Snow,Cash,Thursday,Yes
1515,11.4,34,19.81,4,Night,Snow,Card,Friday,No
1516,6.2,10,11.51,3,Night,Clear,Card,Monday,No
1517,12.7,23,22.42,3,Afternoon,Snow,Cash,Tuesday,No
1518,8.2,24,15.17,2,Afternoon,Clear,Cash,Monday,No
1519,1.9,4,3.55,3,Evening,Snow,Cash,Saturday,Yes
1520,3.7,10,4.49,2,Evening,Clear,Card,Monday,Yes
1521,1.7,3,2.82,4,Morning,Snow,Cash,Sunday,Yes
1522,8.6,18,14.79,2,Night,Clear,Cash,Monday,No
1523,10.4,29,18.49,4,Evening,Rain,Card,Tuesday,Yes
1524,14.5,22,24.4,4,Afternoon,Clear,Cash,Wednesday,No
1525,9.8,20,15.48,4,Morning,Rain,Card,Wednesday,Yes
1526,16.3,35,32.43,1,Afternoon,Snow,Cash,Tuesday,No
1527,11.8,27,18.66,3,Evening,Rain,Card,Saturday,Yes
1528,11.2,17,17.12,2,Evening,Clear,Cash,Tuesday,Yes
1529,18.5,50,26.88,1,Afternoon,Snow,Cash,Friday,No
1530,11.4,27,17.21,3,Afternoon,Snow,Cash,Saturday,No
1531,18.4,52,32.83,2,Evening,Rain,Card,Monday,Yes
1532,8.9,18,16.37,3,Morning,Snow,Card,Sunday,Yes
1533,17.2,28,21.2,4,Night,Rain,Cash,Sunday,No
1534,2.9,6,4.2,4,Night,Snow,Card,Tuesday,No
1535,2.3,6,4.46,1,Afternoon,Rain,Card,Monday,No
1536,15.2,38,21.66,2,Night,Clear,Card,Wednesday,No
1537,13.3,39,24.17,2,Night,Rain,Cash,Sunday,No
1538,2.8,8,3.75,4,Evening,Clear,Cash,Monday,Yes
1539,16.9,45,33.21,2,Night,Snow,Card,Tuesday,No
1540,13.8,36,23.48,1,Afternoon,Rain,Cash,Monday,No
1541,1.9,6,3.16,1,Afternoon,Rain,Card,Saturday,No
1542,9.4,23,15.9,1,Afternoon,Snow,Card,Thursday,No
1543,11.2,28,17.67,2,Night,Clear,Card,Wednesday,No
1544,10.3,30,19.39,2,Night,Rain,Card,Monday,No
1545,19.3,46,31.64,4,Afternoon,Snow,Card,Saturday,No
1546,3.1,6,5.93,3,Afternoon,Snow,Cash,Monday,No
1547,12.5,23,20.01,3,Afternoon,Rain,Card,Tuesday,No
1548,2.7,7,3.98,2,Afternoon,Snow,Cash,Sunday,No
1549,7.3,17,13.89,3,Afternoon,Clear,Cash,Thursday,No
1550,3.4,7,5.28,3,Evening,Snow,Cash,Thursday,Yes
1551,14.7,35,19.21,2,Evening,Rain,Card,Friday,Yes
1552,6.1,17,11.88,3,Night,Rain,Cash,Thursday,No
1553,4.0,11,7.96,2,Morning,Clear,Card,Friday,Yes
1554,8.3,13,11.69,4,Morning,Clear,Card,Monday,Yes
1555,4.3,9,5.24,4,Night,Snow,Cash,Sunday,No
1556,14.4,33,23.38,3,Evening,Rain,Card,Tuesday,Yes
1557,2.3,4,3.28,1,Morning,Snow,Cash,Friday,Yes
1558,9.9,15,17.73,4,Morning,Rain,Cash,Friday,Yes
1559,8.3,20,10.88,1,Evening,Clear,Card,Tuesday,Yes
1560,7.3,19,10.19,4,Evening,Snow,Card,Friday,Yes
1561,16.9,31,25.78,2,Afternoon,Snow,Card,Saturday,No
1562,15.1,29,20.12,2,Evening,Clear,Cash,Tuesday,Yes
1563,9.4,21,17.56,4,Morning,Clear,Cash,Tuesday,Yes
1564,13.2,30,25.12,2,Afternoon,Clear,Card,Sunday,No
1565,11.4,24,16.66,4,Afternoon,Clear,Cash,Sunday,No
1566,2.2,7,3.46,2,Evening,Clear,Cash,Thursday,Yes
1567,5.6,9,11.07,4,Morning,Rain,Cash,Tuesday,Yes
1568,12.8,37,21.56,3,Morning,Rain,Cash,Thursday,Yes
1569,11.3,29,22.55,4,Morning,Rain,Card,Sunday,Yes
1570,6.7,11,12.61,1,Morning,Clear,Cash,Thursday,Yes
1571,11.6,26,21.15,3,Evening,Clear,Cash,Thursday,Yes
1572,10.7,26,15.83,1,Night,Snow,Cash,Thursday,No
1573,9.4,15,15.48,3,Evening,Rain,Cash,Thursday,Yes
1574,19.2,29,33.65,1,Afternoon,Clear,Cash,Tuesday,No
1575,13.1,35,18.93,3,Evening,Snow,Card,Saturday,Yes
1576,2.9,8,5.32,3,Evening,Rain,Card,Sunday,Yes
1577,16.2,40,21.62,4,Afternoon,Clear,Cash,Thursday,No
1578,18.2,33,24.36,4,Afternoon,Rain,Cash,Tuesday,No
1579,18.5,40,28.59,2,Night,Clear,Cash,Thursday,No
1580,4.4,9,6.92,2,Night,Rain,Cash,Thursday,No
1581,11.1,23,19.62,2,Morning,Snow,Card,Wednesday,Yes
1582,12.3,34,16.58,1,Afternoon,Rain,Cash,Monday,No
1583,15.2,40,23.93,2,Night,Clear,Card,Tuesday,No
1584,12.2,24,19.86,4,Night,Rain,Cash,Sunday,No
1585,10.3,27,13.75,1,Evening,Rain,Cash,Tuesday,Yes
1586,17.2,35,33.56,4,Night,Rain,Cash,Wednesday,No
1587,2.1,6,3.33,3,Morning,Clear,Card,Tuesday,Yes
1588,14.1,24,20.61,3,Night,Clear,Cash,Tuesday,No
1589,14.4,41,24.13,1,Night,Snow,Cash,Wednesday,No
1590,8.6,20,11.87,1,Afternoon,Clear,Cash,Thursday,No
1591,5.0,12,9.22,1,Morning,Rain,Card,Saturday,Yes
1592,7.4,17,13.85,3,Night,Rain,Cash,Saturday,No
1593,8.4,20,12.0,3,Morning,Snow,Cash,Thursday,Yes
1594,7.5,14,11.86,3,Morning,Rain,Card,Monday,Yes
1595,19.7,46,30.35,1,Morning,Snow,Cash,Saturday,Yes
1596,7.4,20,12.13,4,Afternoon,Rain,Cash,Saturday,No
1597,12.0,20,17.94,3,Night,Snow,Card,Sunday,No
1598,15.1,36,28.1,2,Morning,Clear,Cash,Monday,Yes
1599,13.9,25,19.1,3,Afternoon,Clear,Card,Sunday,No
1600,8.3,18,14.0,2,Morning,Clear,Card,Monday,Yes
1601,17.3,44,25.84,2,Night,Clear,Cash,Tuesday,No
1602,10.4,23,12.84,4,Evening,Clear,Card,Friday,Yes
1603,9.5,27,18.96,4,Morning,Clear,Card,Friday,Yes
1604,11.0,22,20.36,3,Morning,Snow,Cash,Friday,Yes
1605,10.1,21,17.06,3,Evening,Rain,Cash,Wednesday,Yes
1606,6.0,11,7.3,3,Afternoon,Rain,Cash,Friday,No
1607,1.7,5,2.86,4,Morning,Snow,Card,Saturday,Yes
1608,6.8,18,9.94,4,Evening,Snow,Cash,Sunday,Yes
1609,16.9,32,25.03,3,Afternoon,Clear,Card,Tuesday,No
1610,1.7,5,3.05,1,Night,Clear,Cash,Saturday,No
1611,6.6,12,9.45,1,Morning,Clear,Cash,Wednesday,Yes
1612,18.3,32,26.25,3,Night,Clear,Cash,Thursday,No
1613,17.7,41,26.17,4,Evening,Snow,Card,Sunday,Yes
1614,10.0,18,16.61,1,Evening,Clear,Cash,Friday,Yes
1615,14.1,28,25.72,1,Evening,Clear,Card,Friday,Yes
1616,13.9,23,22.57,4,Evening,Snow,Card,Saturday,Yes
1617,1.7,4,3.38,3,Night,Rain,Cash,Friday,No
1618,15.9,40,25.46,4,Night,Snow,Card,Thursday,No
1619,14.2,23,19.22,4,Evening,Rain,Card,Sunday,Yes
1620,11.3,19,19.29,4,Morning,Snow,Card,Thursday,Yes
1621,19.6,35,25.17,4,Afternoon,Snow,Card,Monday,No
1622,12.4,34,22.04,4,Morning,Clear,Cash,Tuesday,Yes
1623,11.4,28,16.52,3,Night,Clear,Cash,Thursday,No
1624,13.0,36,18.28,3,Afternoon,Clear,Cash,Monday,No
1625,17.8,53,34.18,1,Evening,Rain,Cash,Friday,Yes
1626,2.8,7,4.2,2,Morning,Clear,Card,Monday,Yes
1627,1.7,4,2.34,1,Afternoon,Rain,Card,Sunday,No
1628,9.3,18,12.02,1,Afternoon,Rain,Cash,Saturday,No
1629,10.6,18,19.74,1,Afternoon,Rain,Card,Saturday,No
1630,12.6,19,22.63,3,Morning,Snow,Card,Saturday,Yes
1631,19.3,55,32.25,3,Afternoon,Rain,Card,Tuesday,No
1632,7.7,21,13.33,4,Evening,Snow,Card,Thursday,Yes
1633,13.1,31,22.32,3,Night,Rain,Cash,Sunday,No
1634,13.3,34,22.94,3,Night,Snow,Cash,Saturday,No
1635,16.3,47,25.55,1,Afternoon,Snow,Card,Friday,No
1636,3.3,6,4.53,3,Morning,Clear,Cash,Sunday,Yes
1637,5.1,12,6.18,2,Morning,Clear,Card,Thursday,Yes
1638,8.8,14,12.47,2,Morning,Clear,Card,Sunday,Yes
1639,10.9,32,17.33,4,Night,Rain,Cash,Thursday,No
1640,8.8,19,15.36,2,Afternoon,Clear,Card,Wednesday,No
1641,2.4,5,3.2,4,Night,Rain,Cash,Wednesday,No
1642,7.5,20,12.25,3,Night,Clear,Card,Sunday,No
1643,5.8,12,11.52,3,Morning,Rain,Cash,Saturday,Yes
1644,15.2,36,28.84,2,Morning,Rain,Card,Monday,Yes
1645,3.4,6,5.65,1,Evening,Rain,Card,Thursday,Yes
1646,10.0,28,17.96,2,Night,Clear,Card,Wednesday,No
1647,6.8,19,8.42,4,Evening,Snow,Card,Monday,Yes
1648,10.7,19,13.87,1,Morning,Clear,Card,Wednesday,Yes
1649,15.6,38,25.54,2,Afternoon,Clear,Cash,Wednesday,No
1650,15.5,29,25.21,2,Night,Rain,Cash,Monday,No
1651,9.6,22,18.1,3,Afternoon,Snow,Card,Thursday,No
1652,6.4,15,11.88,4,Morning,Snow,Card,Friday,Yes
1653,14.3,30,26.3,1,Morning,Snow,Card,Thursday,Yes
1654,17.7,34,22.31,4,Night,Snow,Cash,Friday,No
1655,18.8,40,33.25,2,Morning,Rain,Cash,Tuesday,Yes
1656,6.2,14,10.69,2,Morning,Rain,Card,Wednesday,Yes
1657,3.2,6,5.41,1,Morning,Rain,Card,Monday,Yes
1658,8.7,25,17.2,1,Afternoon,Clear,Card,Friday,No
1659,16.9,49,33.48,2,Evening,Rain,Card,Saturday,Yes
1660,14.2,29,17.18,3,Afternoon,Snow,Cash,Saturday,No
1661,2.4,6,3.32,1,Night,Rain,Card,Sunday,No
1662,3.6,8,5.42,1,Evening,Rain,Card,Saturday,Yes
1663,18.2,41,35.34,4,Evening,Snow,Cash,Saturday,Yes
1664,3.6,9,5.57,3,Morning,Rain,Card,Friday,Yes
1665,17.2,48,25.24,4,Night,Snow,Cash,Tuesday,No
1666,13.3,29,20.14,2,Night,Snow,Cash,Sunday,No
1667,4.1,8,5.93,3,Afternoon,Rain,Cash,Sunday,No
1668,9.7,16,16.91,4,Afternoon,Snow,Cash,Tuesday,No
1669,10.1,16,18.72,2,Night,Clear,Cash,Tuesday,No
1670,7.2,15,8.64,3,Afternoon,Rain,Cash,Wednesday,No
1671,9.4,20,14.02,3,Night,Rain,Card,Tuesday,No
1672,13.3,27,24.8,2,Night,Rain,Card,Tuesday,No
1673,10.3,22,14.48,4,Morning,Rain,Card,Thursday,Yes
1674,7.9,18,10.06,2,Evening,Rain,Card,Monday,Yes
1675,12.1,23,16.68,4,Evening,Clear,Cash,Friday,Yes
1676,3.9,11,7.22,4,Morning,Snow,Card,Friday,Yes
1677,10.8,20,20.58,1,Morning,Clear,Card,Friday,Yes
1678,12.0,19,18.28,2,Night,Snow,Cash,Friday,No
1679,19.5,41,33.37,2,Afternoon,Rain,Cash,Sunday,No
1680,15.2,44,22.72,3,Afternoon,Snow,Card,Saturday,No
1681,4.3,11,6.64,2,Evening,Clear,Card,Wednesday,Yes
1682,17.3,48,22.19,2,Morning,Clear,Cash,Saturday,Yes
1683,14.7,34,28.24,2,Afternoon,Clear,Card,Wednesday,No
1684,4.2,8,7.28,2,Afternoon,Rain,Cash,Wednesday,No
1685,3.1,7,3.95,4,Evening,Clear,Cash,Tuesday,Yes
1686,6.1,16,9.29,4,Morning,Rain,Card,Friday,Yes
1687,17.6,43,29.11,1,Evening,Snow,Card,Sunday,Yes
1688,8.0,16,10.39,3,Afternoon,Rain,Card,Thursday,No
1689,7.4,21,13.61,4,Night,Snow,Card,Sunday,No
1690,7.9,16,13.81,2,Afternoon,Clear,Cash,Friday,No
1691,9.7,28,13.23,1,Morning,Snow,Card,Thursday,Yes
1692,16.1,37,23.49,4,Morning,Snow,Card,Friday,Yes
1693,9.5,27,13.07,2,Morning,Clear,Cash,Friday,Yes
1694,4.3,13,7.35,2,Night,Clear,Cash,Tuesday,No
1695,2.8,8,4.2,4,Night,Snow,Card,Sunday,No
1696,12.7,35,20.66,2,Afternoon,Snow,Card,Thursday,No
1697,10.1,29,15.83,1,Morning,Snow,Card,Thursday,Yes
1698,11.8,23,14.52,3,Night,Rain,Cash,Sunday,No
1699,14.6,31,22.22,2,Morning,Rain,Card,Sunday,Yes
1700,7.2,18,10.32,1,Afternoon,Snow,Card,Friday,No
1701,3.1,5,4.39,4,Evening,Rain,Card,Monday,Yes
1702,3.7,7,4.97,1,Afternoon,Rain,Card,Friday,No
1703,6.9,18,8.8,3,Night,Rain,Card,Monday,No
1704,16.2,40,28.37,2,Evening,Rain,Cash,Monday,Yes
1705,4.7,7,7.67,4,Evening,Snow,Cash,Tuesday,Yes
1706,17.6,49,34.68,4,Evening,Snow,Card,Sunday,Yes
1707,12.0,21,18.69,1,Morning,Clear,Cash,Thursday,Yes
1708,4.1,6,7.37,1,Evening,Snow,Cash,Friday,Yes
1709,10.6,21,16.39,4,Afternoon,Clear,Cash,Thursday,No
1710,15.3,41,24.93,3,Night,Rain,Card,Saturday,No
1711,19.4,50,34.5,3,Morning,Clear,Cash,Wednesday,Yes
1712,14.8,28,22.12,4,Evening,Rain,Cash,Friday,Yes
1713,5.4,9,7.27,2,Afternoon,Snow,Cash,Thursday,No
1714,9.9,24,15.9,4,Afternoon,Rain,Card,Tuesday,No
1715,14.1,29,22.78,1,Afternoon,Clear,Cash,Monday,No
1716,19.9,55,28.76,4,Afternoon,Rain,Cash,Monday,No
1717,13.4,27,20.47,4,Evening,Rain,Cash,Tuesday,Yes
1718,12.2,27,21.81,1,Morning,Clear,Card,Saturday,Yes
1719,2.0,5,3.09,3,Night,Snow,Cash,Tuesday,No
1720,2.5,4,4.78,3,Night,Snow,Card,Monday,No
1721,13.3,38,17.14,1,Evening,Rain,Card,Monday,Yes
1722,17.1,34,26.34,1,Night,Rain,Card,Wednesday,No
1723,18.1,29,25.99,2,Afternoon,Rain,Cash,Friday,No
1724,2.7,8,4.02,4,Afternoon,Rain,Cash,Monday,No
1725,19.3,40,26.36,4,Afternoon,Rain,Card,Thursday,No
1726,7.8,12,11.98,4,Evening,Rain,Card,Tuesday,Yes
1727,9.7,23,14.3,4,Evening,Clear,Card,Saturday,Yes
1728,17.1,33,29.32,3,Evening,Rain,Cash,Wednesday,Yes
1729,15.1,32,23.36,1,Night,Clear,Card,Thursday,No
1730,6.3,19,11.31,4,Night,Clear,Cash,Friday,No
1731,9.1,17,13.94,4,Afternoon,Snow,Cash,Monday,No
1732,7.6,16,13.12,1,Evening,Snow,Cash,Wednesday,Yes
1733,17.6,35,28.9,1,Morning,Rain,Card,Friday,Yes
1734,6.3,18,8.9,1,Evening,Rain,Card,Tuesday,Yes
1735,5.6,15,8.62,2,Evening,Snow,Cash,Thursday,Yes
1736,4.8,10,7.34,4,Afternoon,Clear,Cash,Thursday,No
1737,6.7,13,8.14,4,Night,Snow,Cash,Monday,No
1738,9.9,22,17.56,3,Morning,Clear,Cash,Sunday,Yes
1739,17.4,36,28.47,1,Afternoon,Snow,Card,Sunday,No
1740,12.8,21,21.0,3,Afternoon,Clear,Cash,Wednesday,No
1741,15.0,29,20.98,1,Evening,Clear,Cash,Wednesday,Yes
1742,4.2,11,8.28,4,Evening,Snow,Card,Monday,Yes
1743,14.4,31,26.77,1,Night,Rain,Card,Wednesday,No
1744,11.4,25,22.27,2,Evening,Clear,Card,Monday,Yes
1745,19.6,45,37.03,4,Afternoon,Snow,Card,Thursday,No
1746,1.9,3,3.1,2,Evening,Clear,Card,Wednesday,Yes
1747,19.3,38,28.38,3,Night,Rain,Card,Wednesday,No
1748,5.4,9,6.88,1,Afternoon,Clear,Card,Tuesday,No
1749,14.8,41,27.3,2,Evening,Rain,Card,Thursday,Yes
1750,16.5,46,31.68,3,Morning,Rain,Card,Friday,Yes
1751,14.2,36,23.93,3,Evening,Clear,Cash,Tuesday,Yes
1752,16.1,40,31.07,4,Night,Rain,Card,Sunday,No
1753,3.1,7,5.43,4,Morning,Snow,Card,Sunday,Yes
1754,14.0,27,20.08,4,Night,Snow,Cash,Friday,No
1755,19.7,48,24.26,4,Night,Rain,Card,Friday,No
1756,8.1,23,11.01,1,Morning,Rain,Cash,Monday,Yes
1757,9.4,21,13.7,1,Evening,Rain,Card,Saturday,Yes
1758,14.6,23,28.4,3,Evening,Rain,Cash,Wednesday,Yes
1759,18.0,32,34.88,3,Night,Rain,Cash,Tuesday,No
1760,16.0,29,31.16,3,Night,Rain,Card,Thursday,No
1761,13.8,38,23.94,1,Morning,Clear,Cash,Tuesday,Yes
1762,18.2,49,26.72,3,Afternoon,Rain,Card,Monday,No
1763,3.8,9,7.36,1,Morning,Rain,Card,Thursday,Yes
1764,8.9,20,11.34,4,Morning,Snow,Cash,Wednesday,Yes
1765,8.7,16,14.55,4,Afternoon,Clear,Cash,Friday,No
1766,12.1,29,24.03,2,Morning,Clear,Card,Tuesday,Yes
1767,12.8,36,24.39,3,Afternoon,Snow,Cash,Friday,No
1768,17.6,47,29.64,3,Morning,Snow,Card,Sunday,Yes
1769,14.2,27,25.02,2,Night,Clear,Card,Monday,No
1770,4.9,14,7.38,1,Night,Rain,Cash,Sunday,No
1771,16.6,33,25.51,1,Morning,Rain,Cash,Friday,Yes
1772,18.3,33,31.6,3,Afternoon,Rain,Card,Wednesday,No
1773,16.3,46,21.88,3,Night,Snow,Card,Friday,No
1774,7.4,16,12.99,4,Night,Rain,Cash,Thursday,No
1775,10.0,23,16.73,1,Morning,Clear,Card,Friday,Yes
1776,10.8,23,21.24,2,Morning,Clear,Card,Sunday,Yes
1777,16.4,41,26.77,1,Afternoon,Clear,Cash,Tuesday,No
1778,12.8,30,16.48,2,Evening,Rain,Cash,Friday,Yes
1779,5.6,14,10.76,1,Afternoon,Clear,Card,Wednesday,No
1780,12.5,33,16.86,3,Evening,Clear,Card,Thursday,Yes
1781,9.9,29,14.04,3,Night,Clear,Card,Wednesday,No
1782,9.7,19,16.61,4,Night,Snow,Card,Thursday,No
1783,10.0,23,18.15,4,Evening,Snow,Card,Thursday,Yes
1784,16.5,33,32.07,1,Afternoon,Clear,Card,Thursday,No
1785,2.6,7,3.49,4,Afternoon,Snow,Cash,Tuesday,No
1786,6.9,20,11.79,4,Afternoon,Snow,Cash,Tuesday,No
1787,4.2,10,7.51,1,Afternoon,Snow,Card,Sunday,No
1788,10.5,29,12.61,2,Afternoon,Rain,Card,Saturday,No
1789,4.0,7,7.16,4,Morning,Clear,Cash,Thursday,Yes
1790,4.9,8,6.81,1,Evening,Rain,Card,Saturday,Yes
1791,15.2,38,29.76,1,Afternoon,Snow,Cash,Sunday,No
1792,9.5,22,17.75,1,Afternoon,Rain,Card,Thursday,No
1793,9.3,16,14.91,2,Afternoon,Snow,Cash,Monday,No
1794,8.5,22,12.06,3,Afternoon,Rain,Cash,Thursday,No
1795,19.8,47,36.17,4,Afternoon,Clear,Card,Wednesday,No
1796,3.2,5,4.85,4,Evening,Clear,Cash,Thursday,Yes
1797,13.9,29,23.68,2,Night,Snow,Cash,Tuesday,No
1798,18.0,38,32.11,3,Morning,Clear,Card,Sunday,Yes
1799,16.1,36,24.67,1,Afternoon,Rain,Cash,Sunday,No
1800,2.1,6,4.14,2,Afternoon,Clear,Cash,Wednesday,No
1801,7.0,18,9.71,3,Evening,Clear,Card,Saturday,Yes
1802,17.0,27,27.26,4,Evening,Clear,Cash,Wednesday,Yes
1803,10.4,18,17.11,3,Night,Clear,Card,Saturday,No
1804,6.2,12,12.19,3,Morning,Rain,Card,Saturday,Yes
1805,13.8,24,27.23,2,Evening,Rain,Card,Wednesday,Yes
1806,13.9,32,17.93,4,Afternoon,Clear,Card,Monday,No
1807,5.9,11,11.63,3,Morning,Rain,Cash,Saturday,Yes
1808,12.2,20,18.2,3,Morning,Clear,Card,Sunday,Yes
1809,3.7,7,7.22,1,Afternoon,Rain,Cash,Wednesday,No
1810,9.7,18,17.75,2,Morning,Rain,Cash,Wednesday,Yes
1811,13.9,41,18.15,1,Evening,Snow,Cash,Tuesday,Yes
1812,6.8,20,8.5,2,Afternoon,Snow,Card,Sunday,No
1813,12.2,24,20.91,3,Evening,Clear,Cash,Friday,Yes
1814,9.1,21,12.17,1,Evening,Snow,Cash,Tuesday,Yes
1815,6.5,14,7.9,3,Morning,Snow,Card,Tuesday,Yes
1816,3.0,9,5.31,1,Night,Rain,Cash,Saturday,No
1817,10.6,22,20.25,1,Evening,Snow,Card,Friday,Yes
1818,16.7,38,20.74,2,Evening,Rain,Card,Thursday,Yes
1819,9.1,23,15.61,1,Night,Rain,Cash,Wednesday,No
1820,11.9,31,21.99,2,Evening,Snow,Cash,Monday,Yes
1821,17.8,30,27.58,2,Afternoon,Clear,Card,Wednesday,No
1822,1.9,5,3.49,1,Morning,Rain,Cash,Monday,Yes
1823,14.1,22,18.83,2,Evening,Snow,Card,Saturday,Yes
1824,7.6,19,14.47,1,Evening,Snow,Card,Friday,Yes
1825,14.2,40,21.79,3,Night,Rain,Cash,Friday,No
1826,18.7,54,34.96,3,Evening,Snow,Card,Wednesday,Yes
1827,9.1,22,14.29,2,Afternoon,Rain,Cash,Tuesday,No
1828,13.1,33,21.83,2,Morning,Clear,Card,Sunday,Yes
1829,10.4,31,15.27,2,Evening,Rain,Card,Wednesday,Yes
1830,6.9,20,11.53,2,Morning,Clear,Cash,Sunday,Yes
1831,19.8,36,37.34,2,Afternoon,Clear,Cash,Friday,No
1832,19.6,37,26.81,3,Morning,Snow,Cash,Wednesday,Yes
1833,11.1,30,20.11,4,Evening,Clear,Cash,Thursday,Yes
1834,7.6,20,14.39,2,Morning,Snow,Cash,Friday,Yes
1835,11.8,25,20.96,2,Morning,Rain,Card,Wednesday,Yes
1836,13.1,30,21.74,4,Night,Clear,Card,Sunday,No
1837,16.5,37,32.31,3,Evening,Clear,Cash,Sunday,Yes
1838,7.3,12,12.63,3,Morning,Snow,Card,Sunday,Yes
1839,17.4,47,26.8,1,Night,Rain,Cash,Thursday,No
1840,10.2,18,18.81,4,Night,Clear,Card,Sunday,No
1841,18.7,52,24.01,4,Evening,Snow,Card,Sunday,Yes
1842,4.3,13,6.58,2,Night,Rain,Card,Thursday,No
1843,9.7,19,19.0,1,Evening,Rain,Card,Sunday,Yes
1844,6.9,17,13.23,3,Morning,Clear,Card,Thursday,Yes
1845,7.0,19,10.96,3,Afternoon,Rain,Cash,Thursday,No
1846,6.8,15,8.75,4,Morning,Clear,Card,Saturday,Yes
1847,4.0,8,7.02,1,Afternoon,Rain,Card,Sunday,No
1848,10.7,29,17.1,3,Afternoon,Snow,Card,Monday,No
1849,3.7,7,4.59,1,Afternoon,Snow,Cash,Sunday,No
1850,9.0,18,17.05,3,Evening,Clear,Card,Tuesday,Yes
1851,10.5,27,14.84,3,Evening,Clear,Cash,Tuesday,Yes
1852,13.9,34,25.41,2,Afternoon,Clear,Cash,Saturday,No
1853,8.0,16,12.56,3,Afternoon,Snow,Card,Friday,No
1854,9.8,24,19.42,2,Morning,Rain,Card,Saturday,Yes
1855,15.7,39,29.58,1,Morning,Rain,Card,Tuesday,Yes
1856,7.8,14,14.39,3,Evening,Rain,Card,Friday,Yes
1857,17.4,33,21.82,4,Night,Rain,Cash,Saturday,No
1858,7.4,18,11.34,3,Night,Clear,Card,Thursday,No
1859,6.0,9,10.09,3,Evening,Clear,Cash,Sunday,Yes
1860,7.1,15,11.35,2,Evening,Snow,Cash,Sunday,Yes
1861,1.8,3,2.35,1,Evening,Snow,Card,Saturday,Yes
1862,6.4,13,7.79,3,Afternoon,Clear,Card,Sunday,No
1863,18.2,47,26.75,3,Evening,Clear,Card,Monday,Yes
1864,15.2,45,22.73,4,Night,Rain,Cash,Saturday,No
1865,2.8,4,4.68,4,Evening,Snow,Cash,Monday,Yes
1866,8.8,25,14.22,2,Afternoon,Clear,Card,Monday,No
1867,13.9,36,24.07,4,Morning,Rain,Card,Saturday,Yes
1868,12.6,34,17.66,3,Evening,Rain,Card,Sunday,Yes
1869,6.9,13,10.73,1,Evening,Clear,Card,Saturday,Yes
1870,17.2,31,23.49,3,Morning,Snow,Card,Tuesday,Yes
1871,9.7,17,16.29,4,Night,Clear,Card,Sunday,No
1872,10.3,26,16.55,3,Evening,Snow,Card,Saturday,Yes
1873,5.1,10,6.24,1,Afternoon,Snow,Cash,Monday,No
1874,8.5,16,10.68,2,Afternoon,Snow,Card,Wednesday,No
1875,4.9,10,6.66,3,Morning,Rain,Cash,Wednesday,Yes
1876,9.4,26,17.78,2,Night,Clear,Card,Saturday,No
1877,7.9,17,11.83,2,Afternoon,Rain,Cash,Monday,No
1878,17.2,26,33.72,1,Evening,Snow,Card,Tuesday,Yes
1879,9.6,21,13.43,4,Afternoon,Rain,Card,Wednesday,No
1880,11.5,27,19.03,3,Afternoon,Snow,Cash,Sunday,No
1881,11.0,32,17.95,1,Afternoon,Rain,Cash,Wednesday,No
1882,17.0,41,23.04,4,Evening,Clear,Cash,Monday,Yes
1883,5.2,12,8.61,3,Night,Rain,Cash,Sunday,No
1884,16.9,36,24.09,4,Evening,Snow,Card,Monday,Yes
1885,11.6,34,14.44,2,Morning,Rain,Card,Tuesday,Yes
1886,13.0,28,24.07,2,Evening,Rain,Cash,Sunday,Yes
1887,16.2,42,26.82,1,Night,Clear,Cash,Saturday,No
1888,4.5,12,6.59,1,Night,Snow,Card,Tuesday,No
1889,13.6,27,24.29,3,Night,Snow,Cash,Tuesday,No
1890,19.5,55,37.54,3,Afternoon,Rain,Cash,Thursday,No
1891,19.7,40,26.39,3,Night,Clear,Card,Tuesday,No
1892,15.1,28,19.96,2,Afternoon,Snow,Card,Wednesday,No
1893,7.3,14,12.02,2,Night,Snow,Card,Sunday,No
1894,18.8,49,32.69,3,Night,Clear,Card,Friday,No
1895,7.5,18,12.91,1,Night,Snow,Cash,Sunday,No
1896,15.3,26,27.55,3,Night,Rain,Cash,Tuesday,No
1897,8.8,20,16.81,4,Evening,Rain,Cash,Wednesday,Yes
1898,8.6,17,12.37,4,Morning,Clear,Card,Sunday,Yes
1899,6.3,15,8.75,3,Afternoon,Rain,Cash,Saturday,No
1900,17.1,39,33.35,1,Morning,Rain,Card,Tuesday,Yes
1901,17.6,53,23.08,3,Evening,Snow,Card,Saturday,Yes
1902,2.1,4,2.79,1,Night,Rain,Card,Tuesday,No
1903,2.5,5,3.51,1,Night,Snow,Cash,Tuesday,No
1904,19.9,57,37.74,1,Evening,Rain,Cash,Friday,Yes
1905,2.2,5,3.2,3,Morning,Snow,Cash,Saturday,Yes
1906,15.8,30,23.39,2,Night,Clear,Card,Thursday,No
1907,16.9,28,22.96,1,Evening,Snow,Cash,Thursday,Yes
1908,5.6,15,8.57,4,Afternoon,Snow,Cash,Monday,No
1909,3.0,7,4.44,1,Night,Rain,Card,Tuesday,No
1910,19.3,56,30.77,2,Afternoon,Clear,Card,Saturday,No
1911,11.4,25,21.28,4,Night,Clear,Cash,Tuesday,No
1912,17.9,48,34.04,1,Night,Clear,Card,Wednesday,No
1913,10.8,32,12.97,2,Night,Rain,Card,Thursday,No
1914,16.8,40,27.25,4,Afternoon,Rain,Cash,Monday,No
1915,15.7,46,23.73,4,Morning,Rain,Cash,Friday,Yes
1916,4.7,7,7.52,1,Night,Rain,Cash,Monday,No
1917,11.0,27,15.05,1,Night,Clear,Cash,Friday,No
1918,14.1,40,17.86,3,Night,Clear,Cash,Friday,No
1919,14.5,42,24.93,4,Night,Snow,Card,Thursday,No
1920,4.3,7,5.74,4,Afternoon,Snow,Card,Wednesday,No
1921,11.2,20,15.25,3,Morning,Snow,Cash,Sunday,Yes
1922,3.9,8,7.61,3,Afternoon,Rain,Card,Monday,No
1923,6.4,17,10.81,4,Evening,Clear,Cash,Tuesday,Yes
1924,2.2,4,4.22,4,Night,Snow,Cash,Friday,No
1925,13.1,23,17.28,2,Evening,Rain,Card,Thursday,Yes
1926,2.8,6,4.76,2,Night,Snow,Cash,Tuesday,No
1927,13.3,30,22.32,1,Morning,Rain,Cash,Saturday,Yes
1928,10.9,22,16.93,3,Night,Rain,Card,Tuesday,No
1929,18.8,39,34.71,1,Night,Clear,Cash,Saturday,No
1930,2.0,4,3.56,4,Evening,Rain,Card,Friday,Yes
1931,2.9,7,4.91,2,Afternoon,Snow,Card,Friday,No
1932,6.2,10,11.32,4,Afternoon,Snow,Card,Saturday,No
1933,10.1,26,17.16,3,Night,Clear,Card,Sunday,No
1934,14.5,36,18.69,3,Night,Rain,Cash,Sunday,No
1935,5.8,14,10.27,1,Afternoon,Snow,Cash,Monday,No
1936,15.6,36,25.47,4,Evening,Clear,Cash,Saturday,Yes
1937,9.6,25,11.9,3,Evening,Rain,Card,Friday,Yes
1938,18.1,45,27.49,1,Night,Snow,Card,Thursday,No
1939,14.6,41,19.9,3,Morning,Clear,Card,Sunday,Yes
1940,6.3,10,9.46,1,Afternoon,Rain,Cash,Wednesday,No
1941,14.9,24,18.64,1,Afternoon,Clear,Cash,Thursday,No
1942,15.4,45,25.92,1,Night,Clear,Cash,Wednesday,No
1943,2.1,6,3.71,2,Morning,Rain,Card,Tuesday,Yes
1944,8.1,24,10.79,2,Night,Snow,Cash,Sunday,No
1945,3.7,7,6.91,3,Night,Clear,Card,Saturday,No
1946,6.0,13,10.6,3,Afternoon,Snow,Cash,Sunday,No
1947,17.9,41,29.18,3,Evening,Rain,Card,Saturday,Yes
1948,4.5,10,7.62,2,Night,Clear,Card,Saturday,No
1949,2.0,3,3.75,3,Morning,Clear,Card,Wednesday,Yes
1950,12.3,24,18.6,4,Evening,Clear,Cash,Sunday,Yes
1951,9.5,15,13.62,4,Night,Rain,Cash,Friday,No
1952,9.1,24,17.21,2,Evening,Snow,Card,Wednesday,Yes
1953,10.5,18,13.45,2,Afternoon,Snow,Cash,Friday,No
1954,12.7,34,18.55,2,Afternoon,Snow,Cash,Sunday,No
1955,10.6,17,19.84,4,Evening,Clear,Card,Wednesday,Yes
1956,16.7,32,20.1,3,Evening,Rain,Cash,Wednesday,Yes
1957,18.6,42,26.45,3,Morning,Clear,Cash,Saturday,Yes
1958,8.0,22,13.72,1,Evening,Clear,Card,Sunday,Yes
1959,16.4,41,30.68,4,Night,Snow,Card,Wednesday,No
1960,18.2,28,25.59,1,Morning,Snow,Cash,Friday,Yes
1961,12.9,22,22.14,1,Evening,Rain,Cash,Saturday,Yes
1962,15.4,35,24.28,1,Evening,Rain,Card,Wednesday,Yes
1963,2.2,6,3.46,2,Morning,Rain,Cash,Monday,Yes
1964,15.4,43,20.28,4,Evening,Snow,Card,Saturday,Yes
1965,6.4,17,11.63,2,Evening,Clear,Card,Saturday,Yes
1966,10.4,22,20.51,2,Morning,Snow,Card,Thursday,Yes
1967,14.2,22,19.32,3,Evening,Rain,Cash,Friday,Yes
1968,3.9,12,5.04,3,Afternoon,Rain,Cash,Sunday,No
1969,19.9,44,37.26,1,Morning,Clear,Cash,Friday,Yes
1970,18.2,42,25.57,4,Night,Snow,Cash,Saturday,No
1971,3.3,8,5.8,2,Evening,Snow,Card,Friday,Yes
1972,14.3,42,25.85,3,Evening,Rain,Cash,Tuesday,Yes
1973,8.6,18,14.61,1,Afternoon,Clear,Card,Monday,No
1974,6.8,14,11.72,2,Evening,Clear,Card,Tuesday,Yes
1975,8.9,15,12.21,4,Morning,Rain,Card,Wednesday,Yes
1976,15.7,44,26.85,3,Morning,Snow,Card,Tuesday,Yes
1977,10.8,26,19.67,1,Afternoon,Rain,Cash,Tuesday,No
1978,13.3,25,23.83,2,Afternoon,Rain,Cash,Thursday,No
1979,9.5,28,14.88,4,Morning,Rain,Card,Friday,Yes
1980,5.3,15,9.55,1,Evening,Rain,Cash,Tuesday,Yes
1981,4.7,10,7.66,4,Morning,Rain,Cash,Saturday,Yes
1982,10.0,24,16.95,4,Morning,Snow,Cash,Friday,Yes
1983,12.3,23,22.05,4,Afternoon,Snow,Card,Monday,No
1984,3.3,9,4.89,2,Afternoon,Clear,Cash,Wednesday,No
1985,2.8,5,4.33,2,Night,Rain,Cash,Saturday,No
1986,7.6,16,9.67,3,Evening,Rain,Cash,Wednesday,Yes
1987,15.2,33,27.89,1,Evening,Rain,Card,Saturday,Yes
1988,8.3,13,14.63,2,Evening,Snow,Cash,Monday,Yes
1989,19.2,40,29.7,2,Evening,Snow,Card,Tuesday,Yes
1990,15.8,25,20.41,4,Morning,Rain,Cash,Friday,Yes
1991,14.2,32,19.88,4,Night,Clear,Cash,Monday,No
1992,5.2,9,7.96,1,Afternoon,Clear,Card,Sunday,No
1993,13.1,23,23.83,2,Morning,Clear,Card,Friday,Yes
1994,2.3,3,3.69,1,Night,Clear,Cash,Friday,No
1995,7.5,15,12.61,4,Evening,Rain,Cash,Thursday,Yes
1996,5.1,14,8.26,3,Afternoon,Snow,Cash,Tuesday,No
1997,8.6,20,15.99,3,Night,Snow,Cash,Thursday,No
1998,9.1,25,13.03,4,Afternoon,Rain,Card,Friday,No
1999,5.1,12,9.42,4,Morning,Rain,Cash,Friday,Yes
2000,9.4,20,12.34,3,Afternoon,Snow,Card,Sunday,No
